search_term,name,country,officers
ABB,Abb Agency Limited,gb,"{""Vanessa Marie-Antoine Payet"",""Burak Bektas"",""Alper Unsal""}"
ABB,Abb Alice Group Limited,gb,"{""Grenville Peter Willis Burn"",""Keith Andrew Hatchick""}"
ABB,Abb Alice Limited,gb,"{""Grenville Peter Willis Burn"",""Keith Andrew Hatchick""}"
ABB,Abb Associates Ltd,gb,"{""Christiana Bernard"",""Albert Bernard""}"
ABB,Abb Automation Limited,gb,"{""David Benn"",""William Mclaughlin"",""Ian Donald Rennie"",""Sakari Ahdekivi"",""Stephen John Gardner"",""Robin Nigel Hankins"",""Hakan Moreen"",""Robert Alfred Yehl"",""Kenneth Blom"",""Stephen Leslie Brown"",""Jorgen Centerman"",""David Denton"",""Michael Robert Dickens"",""Eric Drewery"",""Peter James Hewlett"",""David Alun Hughes"",""Peer Hakon Jensen"",""Nils Leffler"",""Anthony John Lodge"",""David Brian Mumford"",""John Telfer Sinclair"",""John Trostheim"",""Stephen John Gardner"",""Victoria Ann Maclean""}"
AGR,A.G.R.,be,{}
AGR,A.G.R.,be,{}
AGR,A.G.R.,be,{}
AGR,Agr 2 Limited,gb,"{""Kai Richter"",""Konrad Aidan Aspinall"",""Oliver Breidt""}"
AGR,Agr 3 Limited,gb,"{""Kai Richter"",""Konrad Aidan Aspinall"",""Oliver Breidt""}"
AMNI International,Amni International Limited,gb,{}
Addax Petroleum,Addax Petroleum Uk Limited,gb,"{""Chuanhui Xu"",""Yi Zhang"",""John Mcandrew Warrender"","" Jordan Company Secretaries Limited""}"
Addax Petroleum,Addax Petroleum Cameroon Limited,im,{}
Addax Petroleum,Addax Petroleum Gabon Limited,im,{}
Addax Petroleum,Addax Petroleum International Limited,im,{}
Addax Petroleum,Addax Petroleum Iris Marin Limited,je,{}
Afren,Afren Block One Limited,gb,"{""Shirin Johri"",""Elekwachi Ukwu"",""Darra Martin Comyn"",""Osman Shahenshah"",""Raymond Vivian Franks"",""Osamede Okhomina"",""Olav Eimstad"",""Egbert Ulogo Imomoh"",""Evert Jan Sibinga Mulder"",""Constantine Afolabi Leo Ogunbiyi"",""Osman Shahenshah"",""Osamede Okhomina"","" Abergan Reed Nominees Limited"","" Abergan Reed Limited""}"
Afren,Afren Ci (Ii) Limited,gb,"{""Shirin Johri"",""Elekwachi Ukwu"",""Darra Martin Comyn"",""Osman Shahenshah"",""Adje Germain Koffi"",""Joannes Everhardus Sibinga Mulder"",""Constantine Afolabi Leo Ogunbiyi"","" Swift Incorporations Limited"","" Instant Companies Limited""}"
Afren,Afren Ci (Uk) Limited,gb,"{""Shirin Johri"",""Elekwachi Ukwu"",""Darra Martin Comyn"",""Osman Shahenshah"",""Nicholas Elfred George Johnson"",""Evert Jan Sibinga Mulder"",""Constantine Afolabi Leo Ogunbiyi"",""Brian John O'Cathain"","" Swift Incorporations Limited"","" Instant Companies Limited""}"
Afren,Afren Energy International Plc,gb,"{""Elekwachi Chukwudi Ukwu"",""Darra Martin Comyn"",""Shirin Johri"",""Osman Shahenshah"",""Julia Tanner"",""Constantine Afolabi Leo Ogunbiyi""}"
Afren,Afren Gabon Limited,gb,"{""Shirin Johri"",""Elekwachi Ukwu"",""Darra Martin Comyn"",""Osman Shahenshah"",""Constantine Afolabi Leo Ogunbiyi"",""Nicholas Elfred George Johnson"",""Evert Jan Sibinga Mulder"",""Brian John Ocathain"",""Constantine Afolabi Leo Ogunbiyi"","" Swift Incorporations Limited"","" Instant Companies Limited""}"
Agip,Agip,al,{}
Agip,Agip 94 D.O.O.,hr,{}
Agip,Agip (Africa) Limited,tz,{}
Agip,Agip Albania -Albanian Branch,al,{}
Agip,Agip Anstalt,li,{}
Aibel,Aibel Finance Limited,gb,"{""Monica Baardseth"",""Monica Baardseth"",""Idar Eikrem"",""Maha Jadallah"",""Patrick John Kennedy"",""Andrew Ross Mitchell"",""Peter Allan Goode"",""James Loren Gunderson"",""Maha Jadallah Harper"",""Patrick John Kennedy"",""Adrian Joseph Morris Levy"",""David John Pudge"",""Carine Smith Ihenacho"",""Stuart Andrew Spence"",""Dag W.R. Stromme"",""Rasmus Sunde"","" Clifford Chance Secretaries Limited""}"
Aibel,Aibel Group Limited,gb,"{""Monica Baardseth"",""Monica Baardseth"",""Idar Eikrem"",""Jan Steffen Skogseth"",""Maha Jadallah Harper"",""John William Kennedy"",""Patrick John Kennedy"",""Andrew Ross Mitchell"",""Carine Smith Ihenacho"",""John Arney"",""Mark Simon Dickinson"",""Erik Fougner"",""Peter Allan Goode"",""Marek Stefan Gumienny"",""James Loren Gunderson"",""Alexander Gordon Kelso Hamilton"",""John William Kennedy"",""Patrick John Kennedy"",""David Turch Lamont"",""Matthew Robert Layton"",""Jo Olan Lunder"",""Harold Clive Mather"",""Gert Wihelm Munthe"",""David John Pudge"",""Momir Repaja"",""Stuart Andrew Spence"",""Dag W.R. Stromme"",""Rasmus Sunde"",""Kirk Vincent"",""Jeffrey Clements Walker"",""Gary Michael Wilson"",""Idar Eikrem"",""John Arney"","" Clifford Chance Secretaries Limited""}"
Arco,Arco,nl,{}
Arco,Arco,nl,{}
Arco,Arco,be,{}
Arco,Arco,be,{}
Aibel,Aibel Holding Limited,gb,"{""Monica Baardseth"",""Monica Baardseth"",""Idar Eikrem"",""Maha Jadallah"",""John William Kennedy"",""Patrick John Kennedy"",""Andrew Ross Mitchell"",""John Arney"",""Erik Fougner"",""Peter Allan Goode"",""Donald Grierson"",""Marek Stefan Gumienny"",""James Loren Gunderson"",""Maha Jadallah Harper"",""John William Kennedy"",""Patrick John Kennedy"",""Matthew Robert Layton"",""Robert Martin Limb"",""Felix Machuca"",""Harold Clive Mather"",""David John Pudge"",""Carine Smith Ihenacho"",""Stuart Andrew Spence"",""Ragnvald Rasmus Sunde"",""Rasmus Sunde"",""Kirk Vincent"",""Bjorn Olof Wigstrom"",""Gary Michael Wilson"","" Clifford Chance Secretaries Limited""}"
Aibel,Aibel Limited,gb,"{""Monica Baardseth"",""Monica Baardseth"",""Idar Eikrem"",""Maha Jadallah"",""Patrick John Kennedy"",""Andrew Ross Mitchell"",""Peter Allan Goode"",""James Loren Gunderson"",""Maha Jadallah Harper"",""Patrick John Kennedy"",""Adrian Joseph Morris Levy"",""Harold Clive Mather"",""David John Pudge"",""Carine Smith Ihenacho"",""Stuart Andrew Spence"",""Dag W.R. Stromme"",""Rasmus Sunde"","" Clifford Chance Secretaries Limited""}"
Aibel,Aibel Uk Limited,gb,"{""David Masters"",""Idar Eikrem"",""Nils Arne Hatleskog"",""Erling Bernard Matland"",""Jan Stale Skar"",""Trond Bynes"",""Svein Andreas Dahl"",""Agnar Gravdal"",""Per Bjorn Habbestad"",""Stig Christian Jessen"",""Olav Magne Kvamme"",""Rune Larsen"",""Robert Martin Limb"",""Erling Matland"",""Jostein Ravn Ottesen"",""Jan Skogseth"",""Erling Bernard Matland"",""Svein Andreas Dahl"",""Jan Skogseth"",""Frode Stroemoe"",""Frode Stroemoe""}"
Aker Floating Production,Aker Floating Production As,no,{}
Alliance Marine Services,Alliance Marine Services & Supply Corp,us_nj,{}
Alliance Marine Services,Alliance Marine Services Geir Aksdal,no,{}
Alliance Marine Services,Alliance Marine Services Llc,us_ny,{}
Alliance Marine Services,Alliance Marine Services Pte Ltd,sg,{}
Alliance Marine Services,Alliance Marine Services Ltd.,us_ny,"{""Kirk M Lyons""}"
Amerada Hess,Amerada Hess (Bahamas) Limited,bs,{}
Amerada Hess,"Amerada Hess Bardawil, Inc.",us_de,{}
Amerada Hess,Amerada Hess Business Trust No. 1998-1,us_fl,"{""Ct Corporation System""}"
Amerada Hess,Amerada Hess Business Trust No. 1998-1,us_de,{}
Amerada Hess,Amerada Hess (Cayman) Limited,us_de,{}
Anadarko,Anadarko ** Anadarko Bank And Trust Company,us_ok,{}
Anadarko,Anadarko ** The Anadarko State Bank,us_ok,{}
Anadarko,Anadarko ** First State Bank,us_ok,{}
Anadarko,"Anadarko Abu Dhabi, Inc.",us_de,{}
Anadarko,"Anadarko Aerial Spraying Service, Inc.",us_ok,{}
Anzon,Anzon Africa Limited,mu,{}
Anzon,Anzon America Inc.,us_de,{}
Anzon,Anzon Company Llc,us_de,{}
Anzon,Anzon Computers,sg,{}
Anzon,Anzon Energy Mauritius,mu,{}
Apache,Apache 2012 Limited,gb,"{""Charles Edward Dickson"",""John Anthony Dunkerley"",""Richard Merlin Jackson"",""Paul David Orchard-Lisle"",""Sanjay Vasudev""}"
Apache,Apache Applications Ltd,gb,"{""Ghazanfar Iqbal"",""Nargus Iqbal"",""Ghazanfar Iqbal"",""Ansar Iqbal"",""Nargus Bano""}"
Apache,Apache Associates Limited,gb,"{""Glen Richard Bird"",""Glen Richard Bird"",""Carl Littlechild"",""Peter Alexander Newham"",""Carl Littlechild""}"
Apache,Apache Attire Limited,gb,"{""Agripa Badza"",""Ryan Robertson"",""Jack Alexander Olver""}"
Apache,Apache Beryl Iii Limited,gb,"{""Matthew Wayne Dundrea"",""Rodney John Eichler"",""James Lynn House"",""Roger Barton Plank"",""Andrew Terence Clarke"",""Russell Grant Bellis"",""Kevin Thomas Biddle"",""Bradley William Corson"",""Linda Dorcheus Ducharme"",""Robert Stuart Franklin"",""Richard Fambro Guerrant"",""Sheldon Von Plahn"",""Thomas William Schuessler"",""Jonathan Selzer"",""Lee Mark Tillman"",""Thomas Edward Voytovich"","" Cargil Management Services Limited""}"
Arco,Arco,al,{}
Atwood Oceanics,"Atwood Oceanics International, S.A.",pa,{}
Atwood Oceanics,Atwood Oceanics (M) Sdn. Bhd.,sg,{}
Atwood Oceanics,Atwood Oceanics Malta Limited,mt,{}
Atwood Oceanics,"Atwood Oceanics Management, Lp",us_de,{}
Atwood Oceanics,Atwood Oceanics Services,sg,{}
BHP,Bhp Architects Limited,gb,"{""Richard Bryant"",""John Harvey"",""Andrew Simon Davis""}"
BHP,B H P Associates Limited,gb,"{""Benjamin Harry Peters"",""Benjamin Harry Peters"",""Caroline Peters"","" Swift Incorporations Limited""}"
BHP,Bhp Auto Prestige & Sport Ltd,gb,{}
BHP,Bhp Bar Management Ltd,gb,"{""Adrian William Croshaw""}"
BHP,Bhp Billiton Aluminium Limited,gb,"{""Gail Mcgrath"",""Ian Robert Jacobson"",""David Keith Richardson"",""Elizabeth Anne Hobley"",""Frances Julie Niven"",""Mary Taylor"",""Ines Lucia Watson"",""Deirdre Therese Doherty"",""Paul Michael Everard"",""Robert Norman Carew Franklin"",""Richard Derek Harvey"",""Elizabeth Anne Hobley"",""Paul Anthony Koppelman"",""Stephen Francis Mitchell"",""Christiaan Lourens Smit"",""William Broughton Smith"",""Mary Taylor"",""Jeremy Stephen Thomas"",""Ines Lucia Watson"",""Andrew Peter Story"",""Ines Lucia Watson"",""Stefano Giorgini"","" Hackwood Secretaries Limited"","" Hackwood Directors Limited""}"
BHP Billiton,Bhp Billiton Aluminium Limited,gb,"{""Gail Mcgrath"",""Ian Robert Jacobson"",""David Keith Richardson"",""Elizabeth Anne Hobley"",""Frances Julie Niven"",""Mary Taylor"",""Ines Lucia Watson"",""Deirdre Therese Doherty"",""Paul Michael Everard"",""Robert Norman Carew Franklin"",""Richard Derek Harvey"",""Elizabeth Anne Hobley"",""Paul Anthony Koppelman"",""Stephen Francis Mitchell"",""Christiaan Lourens Smit"",""William Broughton Smith"",""Mary Taylor"",""Jeremy Stephen Thomas"",""Ines Lucia Watson"",""Andrew Peter Story"",""Ines Lucia Watson"",""Stefano Giorgini"","" Hackwood Secretaries Limited"","" Hackwood Directors Limited""}"
BHP Billiton,Bhp Billiton Finance Plc,gb,"{""Angeli Gayfer"",""Andrew Peter Story"",""Hendrik Jan Bogers"",""Willem Johannes Murray"",""Antonello Persico"",""Michael John Rowe"",""Elizabeth Anne Hobley"",""Gail Mcgrath"",""Frances Julie Niven"",""David John Fletcher"",""Brendan Gerald Mulqueen"",""Fernando Fleury Salek"",""Adriaan Albertus Van Jaarsveld"",""Nigel Chadwick"",""Alison Kathleen Belot"",""Angeli Gayfer""}"
BHP Billiton,Bhp Billiton Group Limited,gb,"{""Gail Mcgrath"",""David John Flecther"",""Elizabeth Anne Hobley"",""Andrew Stewart Mackenzie"",""Willem Johannes Murray"",""Angeli Gayfer"",""Andrew Peter Story"",""Hendrik Jan Bogers"",""Frances Julie Niven"",""Mary Taylor"",""Ines Lucia Watson"",""Philip Stanley Aiken"",""Robert Norman Carew Franklin"",""John Douglas Kelso Grant"",""Richard Derek Harvey"",""Stephen Francis Mitchell"",""Brendan Gerald Mulqueen"",""Christiaan Lourens Smit"",""William Broughton Smith"",""Mary Taylor"",""Jeremy Stephen Thomas"",""Ines Lucia Watson"",""Randal John Clifton Barker"",""Alison Kathleen Belot"",""Angeli Gayfer"",""Nicholas Timothy Allen"",""Christiaan Michiel Norval"","" Hackwood Secretaries Limited"","" Hackwood Directors Limited""}"
BHP Billiton,Bhp Billiton Holdings Limited,gb,"{""Gail Mcgrath"",""David John Fletcher"",""Alexander John Hesketh"",""Gwen Jones"",""Catriona White"",""Andrew Peter Story"",""Hendrik Jan Bogers"",""Charlotte Elizabeth Gillan"",""Elizabeth Anne Hobley"",""Frances Julie Niven"",""Mary Taylor"",""Ines Lucia Watson"",""Hendre Ackermann"",""Robert Norman Carew Franklin"",""Richard Derek Harvey"",""Elizabeth Anne Hobley"",""Stephen Francis Mitchell"",""Brendan Gerald Mulqueen"",""Christiaan Lourens Smit"",""William Broughton Smith"",""Mary Taylor"",""Jeremy Stephen Thomas"",""Ines Lucia Watson"",""Peter Clinton Bright"",""Gwen Jones"",""Jacobus Adriaan Scholtz"",""Christiaan Michiel Norval"","" Hackwood Secretaries Limited"","" Hackwood Directors Limited""}"
BHP Billiton,Bhp Billiton International Services Limited,gb,"{""Gail Mcgrath"",""David John Fletcher"",""Alexander John Hesketh"",""Gwen Jones"",""Catriona White"",""Andrew Peter Story"",""Hendrik Jan Bogers"",""Charlotte Elizabeth Gillan"",""Elizabeth Anne Hobley"",""Frances Julie Niven"",""Mary Taylor"",""Ines Lucia Watson"",""Hendre Ackermann"",""Robert Norman Carew Franklin"",""Ian Cumming Fraser"",""Richard Derek Harvey"",""Elizabeth Anne Hobley"",""Hans Rudolf Lim A Po"",""Stephen Francis Mitchell"",""Brendan Gerald Mulqueen"",""Christiaan Lourens Smit"",""William Broughton Smith"",""Mary Taylor"",""Jeremy Stephen Thomas"",""Ines Lucia Watson"",""Peter Clinton Bright"",""Gwen Jones"",""Jacobus Adriaan Scholtz"","" Hackwood Secretaries Limited"","" Hackwood Directors Limited""}"
BLT,Blt,nl,{}
BLT,Blt,sg,{}
BLT,Blt,be,{}
BLT,Blt,be,{}
BLT,Blt 76 Limited,gb,{}
BP,Bp,dk,{}
BP,B.P.,be,{}
BP,B-P 2003 Limited,gb,"{""Guy Chalmers Benfield"",""Guy Chalmers Benfield"",""Michael Edwin Chase"",""David Maurice Eyers"",""Derek Lowman"",""Kevin George Willis"",""David Maurice Eyers"",""Constance Margaret Jackson"",""Christine Munn"",""Richard Munn"",""Jacqueline Elizabeth Page""}"
BP,B P (Abu Dhabi) Limited,gb,"{""John Harold Bartlett"",""Mohamed Wagih Shindy"",""George Leslie Wood"",""Yasin Stanley Ali"",""Robert Cameron Cumming"",""Janet Elvidge"",""Christopher Kuangcheng Gerald Eng"",""Roy Leslie Tooley"",""David Christopher Allen"",""Michael Christopher Daly"",""Wreford Timothy John Digings"",""Anne Drinkwater"",""Nigel Johnson Goddard"",""Anthony Bryan Hayward"",""Andrew George Inglis"",""Adam Charles Little"",""Nigel John Newby"",""Richard Lake Olver"",""Richard Leon Paniguian"",""Steven Graham Peacock"",""Charles Joseph Pitman"",""Guillermo Quintero Ordonez"",""Adrienne Christine Tallents"",""Jorge Manuel Da Silva Tavares"",""Michael Edmund Townshend"",""Paul Alan Hughes"","" Sunbury Secretaries Limited""}"
BP,"Bp ! Capital Holdings, Llc",us_de,{}
BW Offshore,Bw Offshore As,no,{}
BW Offshore,Bw Offshore Catcher (Uk) Limited,gb,"{"" Murray Donald Llp"",""Carl Krogh Arnet"",""Stuart Charles Bannerman"",""Alistair James Lang""}"
BW Offshore,Bw Offshore Global Manning Pte. Ltd.,sg,{}
BW Offshore,Bw Offshore Limited,bm,{}
BW Offshore,Bw Offshore Netherlands B.V.,nl,{}
Bluewater,Bluewater,be,{}
Bluewater,Bluewater 2 Limited,gb,"{""Ian Buchanan"",""Helen Ralston Mcneil Buchanan""}"
Bluewater,Bluewater 24/7 Cleaning & Maintenance Ltd,gb,"{""Sharon Margaret Johnson"",""Carl Rhys Briggs""}"
Bluewater,Bluewater 24/7 Property Services Limited,gb,"{""Sharon Margaret Johnson"",""Stephen Paul Briggs""}"
Bluewater,Bluewater Access Limited,gb,"{""Lee David Phillips""}"
Bourbon Offshore,Bourbon Offshore Asia Pte. Ltd.,sg,{}
Bourbon Offshore,"Bourbon Offshore Associates, Inc.",us_de,{}
Bourbon Offshore,Bourbon Offshore Dnt Asia Pte. Ltd.,sg,{}
Bourbon Offshore,Bourbon Offshore I As,no,{}
Bourbon Offshore,Bourbon Offshore I Ks,no,{}
CACT,"Cact Enterprises, Inc.",us_md,{}
CACT,"C.A.C.T. Enterprises, Llc",us_ct,"{""Peter J. Farley""}"
CACT,Cact Productions Llc,us_de,{}
CACT,"Cact Real Estate Investments, L.P.",us_tn,"{""David A Thornton""}"
CACT,"Cact Realty, Inc.",us_ca,{}
CAMAC Energy,Camac Energy Inc.,us_de,{}
CAMAC Energy,Camac Energy Inc.,us_ny,"{""Frank Ingriselli""}"
CAMAC Energy,Camac Energy (Uk) Limited,gb,"{""Thomas Clifford Pridmore"",""Thomas Clifford Pridmore"",""Zack Wilson""}"
CAMAC Energy,Camac Energy Public Limited Company,ie,{}
CDC,Cdc,us_pa,{}
CDC,Cdc,dk,{}
CDC,Cdc,be,{}
CDC,Cdc,be,{}
CDC,Cdc,be,{}
CNOOC,Cnooc Africa (Uk) Limited,gb,"{""Tianxu Duan"",""Caiyun Zhang"",""Tianxu Duan"",""Zhizhong Wang"",""Zongwei Xiao"",""Likun Kuang"",""Likun Kuang"",""Zhuobiao Chen"",""Gang Zhang"","" F&L Cosec Limited"","" Abogado Nominees Limited"","" F&L Legal Llp"","" The Company Registration Agents Limited"","" Abogado Custodians Limited"","" Abogado Nominees Limited"","" Luciene James Limited""}"
CNOOC,Cnooc Uk Limited,gb,"{""Sheila Kaul"",""Lewis Trenear Harvey"",""Archibald Wood Kennedy"",""Ian Alexander David Macaulay"",""Marilyn Joy Schonberner"",""Likun Kuang"",""Bing Zhang"",""Theresa Ann Roessel"","" F&L Legal Llp""}"
CNOOC,Cnooc Belgium,be,{}
CNOOC,Cnooc Canada Holding Ulc,ca_ns,{}
CNOOC,Cnooc Canada Inc.,ca,"{""David Lefebvre"",""Fang Zhi"",""Sheng Jianbo"",""Zheng Li""}"
CNR International,Cnr International,fi,{}
CNR International,Cnr International (Trustees) Limited,gb,"{""Findlay Iain Anderson"",""William David Redvers Bell"",""Barry Duncan"",""Allen Matthew Knight"",""John Graham Langille"",""David Stewart Ogilvie"",""Barry Duncan"",""Alexander William Hart"",""Paul Henry Morris"",""Adela Prior"",""Gregory George Adams"",""Melanie Jayne Booth"",""Martin Cole"",""Philip Anthony Dimmock"",""Alan Brodie Henderson"",""Robert William Mccrackin"",""Steven Parker O Reardon"",""Kenneth Paul Seymour"",""William Walter Stiles"",""Stephen Wilson Laut"",""Tim Shawn Mckay"","" London Law Secretarial Limited"","" London Law Services Limited""}"
CNR International,Cnr International (U.K.) Developments Limited,gb,"{""Findlay Iain Anderson"",""William David Redvers Bell"",""Barry Duncan"",""James Andrew Edens"",""David Martin Haywood"",""Allen Matthew Knight"",""John Graham Langille"",""David Stewart Ogilvie"",""Paul Henry Morris"",""Adela Prior"",""Gregory George Adams"",""Martin Cole"",""Robert William Conrad"",""Philip Anthony Dimmock"",""Alan John Dingley"",""Alan Brodie Henderson"",""Hans Ernst Hentschel"",""Fritz Neuwelier"",""Franz Nieberding"",""Malcolm Hood Pattinson"",""Kenneth Paul Seymour"",""Rodney Neil Terry Short"",""Paul Murray Simpson"",""William Walter Stiles"",""Georg Von Hantelmann"",""Barry Duncan"",""Stephen Wilson Laut"",""Tim Shawn Mckay"",""Andrew Michael Mcboyle"",""David Benjamin Whitehouse"","" Clifford Chance Secretaries Limited""}"
CNR International,Cnr International (U.K.) Investments Limited,gb,"{""Findlay Iain Anderson"",""William David Redvers Bell"",""Barry Duncan"",""James Andrew Edens"",""David Martin Haywood"",""Allen Matthew Knight"",""John Graham Langille"",""David Stewart Ogilvie"",""Alexander William Hart"",""Paul Gregory Hrycyszyn"",""Paul Henry Morris"",""Adela Prior"",""Gregory George Adams"",""Martin Cole"",""Philip Anthony Dimmock"",""Alan John Dingley"",""Frederick John Dyment"",""William John Romaine Govett"",""Alan Brodie Henderson"",""Robert William Mccrackin"",""Peter H Morrison"",""Malcolm Hood Pattinson"",""Kenneth Paul Seymour"",""William Walter Stiles"",""Lionel Geoffrey Stopford Sackville"",""George Vincent Wood"",""Barry Duncan"",""Stephen Wilson Laut"",""Kenneth Paul Seymour"",""Tim Shawn Mckay"",""Andrew Michael Mcboyle"",""David Benjamin Whitehouse""}"
CNR International,Cnr International (U.K.) Limited,gb,"{""Findlay Iain Anderson"",""William David Redvers Bell"",""Barry Duncan"",""James Andrew Edens"",""David Martin Haywood"",""Allen Matthew Knight"",""John Graham Langille"",""David Stewart Ogilvie"",""Alexander William Hart"",""Paul Gregory Hrycyszyn"",""Paul Henry Morris"",""David Geoffrey Pearce"",""Adela Prior"",""Gregory George Adams"",""Martin Cole"",""John Michael D'Aguiar"",""Philip Anthony Dimmock"",""Alan John Dingley"",""Frederick John Dyment"",""Robin Anthony French"",""William John Romaine Govett"",""Arthur George Hall"",""Alan Brodie Henderson"",""Peter Julian Hill"",""Philip Dale Irwin"",""Robert William Mccrackin"",""Peter H Morrison"",""Malcolm Hood Pattinson"",""John Michael Pierce"",""Barry Duncan"",""Stephen Wilson Laut"",""Tim Shawn Mckay"",""Andrew Michael Mcboyle"",""David Benjamin Whitehouse""}"
Cairn Energy,Cairn Energy Andhra Pradesh B.V.,nl,{}
Cairn Energy,Cairn Energy Andhra Pradesh Deepwater B.V.,nl,{}
Cairn Energy,Cairn Energy Andhra Pradesh Holding B.V.,nl,{}
Cairn Energy,Cairn Energy Bangladesh Block 10 B.V.,nl,{}
Cairn Energy,Cairn Energy Bangladesh Block 15 B.V.,nl,{}
Cardiff,Cardiff,be,{}
Cardiff,Cardiff,be,{}
Cardiff,Cardiff 7S Ltd,gb,"{""Alex Bodin""}"
Cardiff,Cardiff Academic Press Limited,gb,"{""Joan Smith"",""Joan Smith"",""Heather Clare Williams"",""Harry Drake"",""Richard Bleddyn Vaughan Rees"",""Harry Drake"",""Norman Drake"",""Robert Geoffrey Drake"",""Gillian Anne Watkins""}"
Cardiff,Cardiff Academy Limited,gb,"{""Roger Picton Howells"",""Jennifer Ann Davies"",""Stephen Robert Wilson"","" Severnside Secretarial Limited"","" Severnside Nominees Limited""}"
Chevron,Chevron,ca_qc,{}
Chevron,Chevron 360 Limited,gb,"{""Helen Kathleen Bashford-Malkie"",""Peter Hackett"",""James Malkie""}"
Chevron,Chevron Aerospace (Engineering) Limited,gb,"{""Nicola Jayne Swinscoe"",""John William Swinscoe"",""Nicola Jayne Swinscoe"","" @Ukplc Client Secretary Ltd"","" @Ukplc Client Director Ltd""}"
Chevron,Chevron Aerospace Limited,gb,"{""Nicola Jayne Swinscoe"",""John William Swinscoe"",""Nicola Jayne Swinscoe"",""Diane Elizabeth Barnsdale"","" @Ukplc Client Secretary Ltd"","" @Ukplc Client Director Ltd""}"
Devon Energy,Devon Energy Solutions Ltd,gb,"{""Edwina Coales"",""Ekaterina Gordeycheva"",""Ekaterina Gordeycheva"","" Nominee Secretary Ltd"","" Nominee Director Ltd""}"
Devon Energy,"Devon Energy Brazil Holdings, Ltd.",bs,{}
Chevron,Chevron Aerostructures Limited,gb,"{""Monika Anna Frankow"",""Sean Colin Barrett"",""Roger Paul Becker"",""Steven Craig Blackmore"",""Roger Anthony Cooke"",""Shawn Hagel"",""Russell Scott Pattee"",""Kevin Michael Stein"",""David Waring"",""David Abdoo"",""Vincent Ashe"",""Julian Patrick Bird"",""Nigel Charles Poultney"",""John William Swinscoe"",""Michael Raymond Wallis"",""Vincent Ashe"",""David John Coghlan"",""James Digiacomo Dee"",""Mark Donegan"",""Michael H S Dunlop"",""Stephen Derrick Eldred"",""Geoffrey A Hawkes"",""Matthew Joseph Kearney"",""Michael David Kirk"",""William Dean Larsson"",""Haydn Robert Martin"",""John Morrash"",""Leonard Albert Pearson"",""Geoffrey Roy Rampton"",""Kenneth Reed"",""Mark R Roskopf"",""Jeff Sandiford"",""William Martin Shockley"",""Tony Skillington"",""Ruth Ann Beyer""}"
ConocoPhillips,Conocophillips Dc Plan Trustee Limited,gb,"{""Rosemary Dick"",""Kevin Ford""}"
ConocoPhillips,Conocophillips Developments Limited,gb,"{""Angela Sarah Helen Fletcher"",""David Grimshaw"",""Edith Jeannie Stirrup"",""Robert Hendry Anderson"",""Christopher William Conway"",""Andrew David Richard Hastings"",""David Eric Chenier"",""Derryl Lynn Collins"",""Thomas Edward Cook"",""Frank Lawrence Gannon"",""Carol Ferne Graebner"",""Adrian Derek Glendon Hill"",""David Stewart Ogilvie"",""Robert Edward Pelzer"",""Michael Philip Stokeld"",""Elaine June Ward"",""Roger Lee Abel"",""William Silver Atkinson"",""Ian Blood"",""David Paul Bolen"",""Derry Lynn Collins"",""Derryl Lynn Collins"",""Archie Wallace Dunham"",""Gisle Eriksen"",""David Andrew, Vivian Farthing"",""Todd William Fredin"",""Frank Lawrence Gannon"",""Christopher Gautrey"",""Gregory James Goff"",""Malcolm David Griffiths"",""Jean-Francois Jacques Basile Pepin"",""Michael Don Wright"",""Derryl Lynn Collins"",""Robert Edward Pelzer"",""Malcolm David Griffiths""}"
ConocoPhillips,Conocophillips (Glen) Limited,gb,"{""David Grimshaw"",""Edith Jeannie Stirrup"",""Robert Hendry Anderson"",""Andrew David Richard Hastings"",""Paul Cyril Warwick"",""David Eric Chenier"",""David Stewart Ogilvie"",""Michael Philip Stokeld"",""Elaine June Ward"",""Glen Yorke Spence Bishop"",""David Paul Bolen"",""Gisle Eriksen"",""Todd William Fredin"",""Christopher Gautrey"",""Andrew Roy Halliwell"",""Archibald Wood Kennedy"",""Page Frank Maxson"",""James Deas Mcmorran"",""Roger Stephen Ramshaw"",""Arild Skjervoy"",""George Edward Watkins"",""Jean-Francois Jacques Basile Pepin"",""Michael Don Wright"",""Andrew Roy Halliwell"","" Combined Secretarial Services Limited"","" Combined Nominees Limited"","" Combined Secretarial Services Limited""}"
ConocoPhillips,Conocophillips Holdings Limited,gb,"{""Angela Sarah Helen Fletcher"",""David Grimshaw"",""Edith Jeannie Stirrup"",""Robert Hendry Anderson"",""Christopher William Conway"",""Christopher Gautrey"",""Andrew David Richard Hastings"",""Nicholas David Allen"",""David Eric Chenier"",""Derryl Lynn Collins"",""Thomas Edward Cook"",""David Stewart Ogilvie"",""Robert Edward Pelzer"",""Michael Philip Stokeld"",""Elaine June Ward"",""John William Ward"",""David Paul Bolen"",""Derryl Lynn Collins"",""Thomas Edward Cook"",""Gisle Eriksen"",""Todd William Fredin"",""Michael Robert Fretwell"",""Gregory James Goff"",""Malcolm David Griffiths"",""Andrew Roy Halliwell"",""William Ricky Hamm"",""Robert Joseph Hassler"",""Robert Alan Herman"",""David Oliver Kem"",""Archibald Wood Kennedy"",""John Robert Kerr"",""Thomas Clifford Knudson"",""Jean-Francois Jacques Basile Pepin"",""Michael Don Wright"",""Andrew Roy Halliwell""}"
ConocoPhillips,Conocophillips Investments Limited,gb,"{""David Grimshaw"",""Edith Jeannie Stirrup"",""Robert Hendry Anderson"",""Andrew David Richard Hastings"",""David Eric Chenier"",""Derryl Lynn Collins"",""Thomas Edward Cook"",""James David Dinnage"",""Frank Lawrence Gannon"",""Carol Ferne Graebner"",""Adrian Derek Glendon Hill"",""Janice Kathleen Mary Leiper"",""Robert Edward Pelzer"",""Elaine June Ward"",""William Silver Atkinson"",""Todd William Fredin"",""Christopher Gautrey"",""Andrew Roy Halliwell"",""Gilbert Harrison Holland"",""Robert Earl Irelan"",""Archibald Wood Kennedy"",""John Robert Kerr"",""Page Frank Maxson"",""Miles Claren Mays"",""Gary Lynn Mclaughlin"",""James Deas Mcmorran"",""Roger Stephen Ramshaw"",""Derryl Lynn Collins"",""Thomas Edward Cook"",""Frank Lawrence Gannon"",""Robert Edward Pelzer"",""Jean-Francois Jacques Basile Pepin"",""Michael Don Wright"",""Derryl Lynn Collins"",""Andrew Roy Halliwell""}"
Conoil,"Conoil Drilling Programs, Inc.",us_ny,{}
Conoil,"Conoil Exploration, Inc.",us_ny,{}
Conoil,"Conoil International, Incorporated",us_ny,{}
Conoil,Conoil Oy,fi,{}
Conoil,Conoil Sl,es,{}
Coogee,Coogee Ltd,gb,"{""Steven Paul Shelley"",""Steven Paul Shelley""}"
Coogee,Coogee (Liverpool) Limited,gb,"{""Anastasia Lunt"",""Lee Raymond Lunt""}"
Coogee,Coogee Nursery School Limited,gb,"{""Edward John Medina"",""Edward John Medina"",""Jane Rosemary Medina"","" Swift Incorporations Limited""}"
Coogee,Coogee Bay Limited,je,{}
Coogee,Coogee Bay Ltd.,bb,{}
DPI,Dpi,nl,{}
DPI,Dpi,be,{}
DPI,D.P.I.,be,{}
DPI,Dpi 21 Limited,gb,"{""Michael Peter Cain"",""Michael Peter Cain"",""Samuel John Fletcher"",""Stephen John Taylor""}"
DPI,Dpi & B Holdings Limited,gb,"{""Stephanie Margaret Darley"",""Phillip George Ioannou"",""Faye Melissa Parker""}"
Devon Energy,Devon Energy Assessments Ltd,gb,{}
Devon Energy,Devon Energy Partnership Limited,gb,{}
Devon Energy,"Devon Energy Congo, Ltd.",bs,{}
Diamond Offshore,Diamond Offshore Drilling (Uk) Limited.,gb,"{""Stephen Glenn Elwood"",""George Creighton Cole Henderson"",""William Charles Long"",""Jimmy Ray Moore"",""Richard Lee Lionberger"",""Lawrence Richard Dickerson"",""Ronald Leon James"",""Ronald Charles Johnson"",""Gary Thomas Krenek"",""Jerry Ray Owens"",""Jon Lawhon Richards"",""Robert Ernest Rose"",""Charles Duncan Weir"",""David Wendall Williams"",""William Charles Long"",""Richard Lee Lionberger"","" Maclay Murray & Spens Llp"","" Eps Secretaries Limited"","" Mikjon Limited""}"
Diamond Offshore,Diamond Offshore Enterprises Limited,gb,"{""Stephen Glenn Elwood"",""George Creighton Cole Henderson"",""William Charles Long"",""Limor Gonen"",""Jimmy Ray Moore"",""John Lawhon Richards"","" Maclay Murray & Spens Llp"","" Whale Rock Secretaries Limited"","" Whale Rock Directors Limited""}"
Diamond Offshore,Diamond Offshore Limited,gb,"{""Stephen Glenn Elwood"",""George Creighton Cole Henderson"",""William Charles Long"",""Jimmy Ray Moore"",""Lawrence Richard Dickerson"",""Richard Lee Lionberger"",""Ronald Leon James"",""Ronald Charles Johnson"",""Gary Thomas Krenek"",""Robert Murdo Macleod"",""Kenneth William Mcalpine"",""Jerry Ray Owens"",""John Lawhon Richards"",""Robert Ernest Rose"",""Charles Duncan Weir"",""David Wendall Williams"",""William Charles Long"",""Lawrence Richard Dickerson"",""Richard Lee Lionberger"",""Richard Lee Lionberger"",""Terence Waldorf"","" Maclay Murray & Spens Llp"","" Eps Secretaries Limited""}"
Diamond Offshore,Diamond Offshore (Bermuda) Limited,bm,{}
Diamond Offshore,"Diamond Offshore Contract Services, S.A.",pa,{}
Discovery Offshore S.A.,Discovery Offshore S.A.,lu,{}
Discovery Offshore S.A.,Discovery Offshore Holdings No.2 Limited,gb,"{""Ian Leonard Slonim""}"
Discovery Offshore S.A.,Discovery Offshore (Gibraltar) Limited,gi,{}
Discovery Offshore S.A.,Discovery Offshore (Gibraltar) Limited,in,{}
Dolphin Drilling,Dolphin Drilling Limited,gb,"{""Ivar Brandvold"",""Johan Finnestad"",""Iain Petrie Mitchell"",""John Joseph Houston"",""Andrew Gregor Forbes"",""Graeme Scott Murray"",""David Andrew Crawford"",""Jeremy Dowler"",""William Alan Hunter"",""Robert Simon Legget"",""Leif Olav Aaker"",""Chadwick James Byrd"",""Helge Haakonsen"",""Derek Hayes"",""Bjorn Johansen"",""Peir Johansson"",""Per Johansson"",""Anette Sofie Olsen"",""Jon Gunnar Solli"",""John Andrew Sydness"",""Mark Stuart Timmons"",""John Cameron Wallace"",""Richard Overall Wilson"",""John Joseph Houston"",""David Andrew Crawford"",""Robert Simon Legget"",""Helge Haakonsen""}"
Dolphin Drilling,Dolphin Drilling Operations Limited,gb,"{""John Joseph Houston"",""Jorn Johansen"",""James David Lomax"",""Iain Petrie Mitchell"",""Graeme Scott Murray"",""John Joseph Houston"","" Inlaw Secretaries Limited""}"
Dolphin Drilling,Dolphin Drilling As,no,{}
Dolphin Drilling,Dolphin Drilling Company,us_la,{}
Dolphin Drilling,Dolphin Drilling Malta Ltd,mt,{}
Dryships,Dryships Inc.,us_ny,{}
Dryships,Dryships Bulk Carriers Limited,gb,"{""Shabu Oriparambil Velappan""}"
ENSCO,Ensco 1003 Limited,gb,"{""Michael James Ward"","" Gateley Secretaries Limited"","" Gateley Incorporations Limited""}"
ENSCO,Ensco 1004 Limited,gb,"{""Michael James Ward"","" Gateley Secretaries Limited"","" Gateley Incorporations Limited""}"
ENSCO,Ensco 1005 Limited,gb,"{""Michael James Ward"","" Gateley Secretaries Limited"","" Gateley Incorporations Limited""}"
ENSCO,Ensco 1007 Limited,gb,"{""Michael James Ward"","" Gateley Secretaries Limited"","" Gateley Incorporations Limited""}"
ENSCO,Ensco 1008 Limited,gb,"{""Michael James Ward"","" Gateley Secretaries Limited"","" Gateley Incorporations Limited""}"
Emas,Emas,za,{}
Emas,Emas,be,{}
Emas,Emas Business Consultants Limited,gb,"{""Geoffrey Morris"",""Dennis William Harrison Ashton"",""Geoffrey Morris"",""Charles Stuart Rostron"",""Gerald William E Clements"",""Ruth Margaret Morris"",""Peter Robin Schroeder"",""Dolf Nico Swaan""}"
Emas,Emas Limited,gb,"{""Joo Choo Puah"",""Joo Choo Puah"",""Yong Huat Puah"","" Chettleburgh International Limited""}"
Emas,Emas Pharma Limited,gb,"{""Emma Katherine Austin"",""Elizabeth Kennerley"",""Peter Mark Kennerley"",""Kyriacos Antoniou"",""Michelle Dolley"",""Peter Mark Kennerley"",""Timothy Herbert Ball"",""Yiannos Cassoulides"",""Geoffrey Ian Hiskett"",""Mark Jones"",""Mary Elizabeth Kennerley"",""Nicos Nicolaou"",""Pavlos Savvides"",""Peter Mark Kennerley""}"
Esso,Esso,ca_qc,{}
Esso,Esso,sg,{}
Esso,Esso Exploration And Production Uk Limited,gb,"{""Andrew Terence Clarke"",""Russell Grant Bellis"",""Linda Dorcheus Ducharme"",""Jonathan Selzer"",""Fiona Harness"",""Kevin Thomas Biddle"",""Bradley William Corson"",""David Leonard Norwood"",""Julian Peter Benedict Armstrong"",""John Nicholas Boydell"",""Antony Neil Booker Brown"",""Charles Cawley"",""Michael Frederick Westlake"",""James Alcock"",""David Clayman"",""Ansel Lynn Condray"",""Philip John Dingle"",""Archibald William Forster"",""Robert Stuart Franklin"",""Michael James Fry"",""John Vincent Genova"",""Michael Scott Giblin"",""Richard Fambro Guerrant"",""Brian Hamilton"",""Roberta Ann Luxbacher"",""Robert Courtney Olsen"",""Stephen Beasley Linnard Penrose"",""Richard Allen Rosenberg"",""Steven C Spancake"",""John Hamilton Steele"",""Andrew Porter Swiger"",""Keith Henry Taylor"",""John Paul Chaplin"",""Stacey Elisabeth Weltmer"",""Robert Michael Cooper""}"
Esso,Esso H Design Ltd,gb,{}
Esso,Esso Ag,be,{}
Exmar,Exmar,be,{}
Exmar,Exmar Excalibur Shipping Company Limited,gb,"{""James David Dishman"",""Patrick De Brabandere"",""Peter Evensen"",""Geir Arvid Sekkesaeter"",""Rodney Hyne-Jones"",""Lynn Chapman"",""John Andrew Costain"",""Patrick Joseph Rodgers"",""Marc Saverys"",""Nicholas Georges Marie Saverys"",""James David Dishman"",""David William Wong"",""Rodney Hyne-Jones"","" Swift Incorporations Limited""}"
Exmar,Exmar (Uk) Shipping Company Limited,gb,"{""James David Dishman"",""Patrick De Brabandere"",""James David Dishman"",""Rodney Hyne-Jones"",""Patrick Joseph Rodgers"",""Nicholas Georges Marie Saverys"",""Michel Bernard Philippe Moreau"",""Francois Eugene Arradon"",""Nicolas Barnaud"",""Marie-Laure Breard"",""Olivier Cauro"",""Lynn Chapman"",""John Andrew Costain"",""Maximilien De Zarobe"",""Cara Michaela Maria Goretta Larkin"",""Patrick Molis"",""Michel Bernard Philippe Moreau"",""William Padman"",""Marc Saverys"",""Einar Michael Steimler"",""Philippe Marie Charles Elizabeth Corneille Waterkeyn""}"
FPS Ocean,Fps Ocean As,no,{}
FVSB,Fvsb Inc.,us_ny,{}
Fred Olsen Energy,Fred Olsen Energy Asa,no,{}
Fred.Olsen,Fred Olsen,no,{}
Fred.Olsen,Fred Olsen,no,{}
Fred.Olsen,Fred Olsen,no,{}
Fred.Olsen,Fred. Olsen Cruise Lines Limited,gb,"{""Jeremy Dowler"",""Per Oscar Lund"",""Anette Sofie Olsen"",""Thomas Fredrik Olsen Junior"",""Michael Howard Rodwell"",""Ove Johan Solem"",""Robert Simon Legget"",""Harald Ivar Andresen"",""Stein Bergby"",""Paul Michael Brigginshaw"",""Fridthjov Haavardsson"",""Derek Hayes"",""Marten Lunde"",""Thomas Fredrik Olsen"",""Jan Peter Valheim"",""John Cameron Wallace"",""Jeremy Dowler"",""Robert Simon Legget""}"
Fred.Olsen,Fred. Olsen Freight Limited,gb,"{""Christopher Raine"",""Neil Sidney Darby"",""Jeremy Dowler"",""James Richard De Villeneuve Kidwell"",""Quentin Bruce Soanes"",""Malcolm Stafford"",""John David Van Bergen"",""Robert Simon Legget"",""Alfred Henry Reeves"",""James Hamilton Bell"",""Paul Michael Brigginshaw"",""Declan Sean Connolly"",""Derek Hayes"",""Robert Simon Legget"",""Ian Mackenzie"",""Anette Sofie Olsen"",""Alfred Henry Reeves"",""Shaun Alan Rudduck"",""Arne Sandersen"",""Christopher Versey"",""John Cameron Wallace"",""Martyn Paul Ward""}"
Fred.Olsen Production,Fred. Olsen Production Asa,no,{}
Fred.Olsen Production,Fred. Olsen Production Pte. Ltd.,sg,{}
GGPC,Ggpc Inc.,us_ca,{}
GGPC,"G.G.P.C., Inc.",us_ny,{}
GGPC,"Ggpc Export, Inc.",us_fl,"{""Jose Paret"",""Jose Paret"",""Jose Paret"",""Augusto Corral"",""Augusto Corral"",""Guido Gonzalez"",""Juan C Guerrero"",""Augusto Corral""}"
GGPC,Ggpc Properties Llc,us_fl,"{""Gary I Goldstein"",""Pierre Cazassus"",""James E Loveridge"",""Linda Mesq Smith""}"
GSP,G.S.P.,be,{}
GSP,Gsp 1973 Limited,gb,{}
GSP,Gsp Associates Limited,gb,"{""Shirley Janet Paulson"",""George Allison Paulson""}"
GSP,Gsp Builders Limited,gb,"{""Yvonne Margaret Potter"",""Gary Steven Potter"","" Hcs Secretarial Limited"","" Hanover Directors Limited""}"
GSP,Gsp Business Services Ltd,gb,{}
Hercules Offshore,Hercules Offshore Uk Limited,gb,"{""Claus Erik Feyling""}"
Hercules Offshore,Hercules Offshore Holdings Ltd,bs,{}
Hercules Offshore,"Hercules Offshore, Inc. (Singapore Branch)",sg,{}
Hercules Offshore,Hercules Offshore Liftboat Company Llc,us_de,{}
Hercules Offshore,Hercules Offshore Corporation,us_la,"{""Thomas J. Seward"",""Thomas E. Hord"",""Don P. Rodney"",""C T Corporation System""}"
Hess Corp.,Hess Corporation,us_pa,{}
Hess Corp.,Hess Corporation,us_me,{}
Hess Corp.,Hess Corporation (The),us_id,"{""Adam Hess""}"
Hess Corp.,Hess Corporation,us_ok,{}
Hess Corp.,Hess Corporation,us_ok,{}
Ikdam,Ikdam Aktiebolag,se,{}
Ikdam,Ikdam Investments Limited,gi,{}
Ikdam,Ikdam Inc.,us_wa,"{""Prabhjot Singh"",""Jasmit Kochhar"",""Jasmit Kochhar""}"
Jasper Offshore,Jasper Offshore Drilling Pte. Ltd.,sg,{}
KCA Deutag,Kca Deutag Alpha Ii Limited,gb,"{""Louise Andrew"",""Alexander Defelice"",""John Combothekras Halsted"",""Patrick Hunt Hickey"",""Alexander Knaster"",""Ted S Lodge"",""Norman Andrew Mckay"",""Selahattin Zoralioglu"",""Neil John Hartley"",""Edward Todd Bialas"",""Joseph Robert Edwards"",""Robert Keith Ellis"",""Neil John Hartley"",""Christopher John Hughes"",""Markku Juhani Lonnqvist"",""Peter John Milne"",""Nicole Frances Monir"",""Keith James Pringle"",""Alan Schwartz"",""Timothy David Summers"",""Mark Benedict Wesker"",""Dean Edward John Merritt"",""Robert Keith Ellis"",""Lynne Thomson"",""Neil Porteous Gilchrist"","" Trusec Limited"","" Trusec Limited"","" Trusec Limited""}"
KCA Deutag,Kca Deutag Alpha Limited,gb,"{""Louise Andrew"",""Alexander Defelice"",""John Combothekras Halsted"",""Patrick Hunt Hickey"",""Alexander Knaster"",""Ted S Lodge"",""Norman Andrew Mckay"",""Selahattin Zoralioglu"",""Alan Schwartz"",""Edward Todd Bialas"",""Joseph Robert Edwards"",""Robert Keith Ellis"",""Neil John Hartley"",""Christopher John Hughes"",""Markku Juhani Lonnqvist"",""Rebecca Jane Lyne"",""Peter John Milne"",""Nicole Frances Monir"",""Keith James Pringle"",""Alan Schwartz"",""Timothy David Summers"",""Dean Edward John Merritt"",""Robert Keith Ellis"",""Lynne Thomson"",""Neil Porteous Gilchrist"","" Trusec Limited"","" Trusec Limited"","" Trusec Limited""}"
KCA Deutag,Kca Deutag Caspian Limited,gb,"{""Louise Andrew"",""Ian Mackenzie"",""Neil Graham Stevenson"",""Brian Christopher Taylor"",""Mark Johnstone Walker"",""Daniel Mathias Wiest"",""Louise Andrew"",""Alec William James Banyard"",""Peter John Milne"",""Nigel Francis Courtenay Walker"",""Paul Anthony Bews"",""Stephen John Chisholm"",""Graham Cowperthwaite"",""Alasdair James Dougall Locke"",""Michael Alexander Mcdowell"",""Peter John Milne"",""Peter David Hardwick Nichols"",""Michael John Lawrence Salter"",""Nigel Francis Courtenay Walker"",""Maurice Alistair White"",""Manuchehr Zare Aghbolagh"",""Neil Porteous Gilchrist"",""Neil Graham Stevenson"",""Lynne Thomson"",""Gary Neil Paver""}"
KCA Deutag,Kca Deutag Drilling Group Limited,gb,"{""Louise Andrew"",""Ian Mackenzie"",""Ross Richardson"",""Neil Graham Stevenson"",""Brian Christopher Taylor"",""Holger Temmen"",""Mark Johnstone Walker"",""Louise Andrew"",""Alan Bigman"",""Norman Andrew Mckay"",""Alec William James Banyard"",""Peter John Milne"",""Nigel Francis Courtenay Walker"",""Paul Anthony Bews"",""Arne Blystad"",""Thomas Blystad"",""Wilhelm Pihl Blystad"",""Claus Chur"",""Graham Cowperthwaite"",""Peter Dybwad Gram"",""Guy Delemere Lafferty"",""Ian Lane"",""Paul Blacklock Lloyd"",""Alasdair James Dougall Locke"",""Michael Alexander Mcdowell"",""Peter John Milne"",""Geoffrey Mark Philipps"",""Christopher John Rose"",""Michael John Lawrence Salter"",""Christopher Anthony Eric Thomas Stevenson"",""Neil Porteous Gilchrist"",""Neil Graham Stevenson"",""Lynne Thomson"",""Gary Neil Paver""}"
KCA Deutag,Kca Deutag Enterprises Limited,gb,"{""Louise Andrew"",""Louise Andrew"",""Neil Graham Stevenson"",""Mark Johnstone Walker"",""Alec Wiliam James Banyard"",""Peter John Milne"",""Maurice Alistair White"",""Daniel Mathias Wiest"",""Gary Neil Paver"",""Lynne Thomson""}"
Kerr McGee,Kerr-Mcgee Anadarko Foundation,us_ok,{}
Kerr McGee,Kerr-Mcgee Angola Ltd.,bs,{}
Kerr McGee,Kerr-Mcgee Anton Ltd,bs,{}
Kerr McGee,Kerr-Mcgee Bahamas Ltd.,bs,{}
Kerr McGee,Kerr-Mcgee Benin Ltd.,bs,{}
Lundin Petroleum,Lundin Petroleum B.V.,nl,{}
Lundin Petroleum,Lundin Petroleum Holdings Limited,bm,{}
Lundin Petroleum,Lundin Petroleum Canada Inc.,ca,"{""John H. Craig""}"
MISC,Misc,nl,{}
MISC,Misc,se,{}
MISC,Misc.,sg,{}
MISC,Misc,be,{}
MISC,Misc 2468 Limited,gb,"{""Steven James Clark"",""Stephen Geoffrey Siggs"",""Marc Eric Clark"",""Steven James Clark"",""Sandra Ford"",""Robert George Boreham"",""Geraldine Clark"",""David Harkness Ford"",""Sandra Ford"",""Simon Holmes"",""Brian Robert Wiggins"","" Same-Day Company Services Limited"","" Wildman & Battell Limited""}"
MODEC,Modec,za,{}
MODEC,Modec,nl,{}
MODEC,Modec Fine Arts Limited,gb,"{""Andrew Martin Wynn"",""Andrew Mitchell"",""Andrew Martin Wynn"",""Ann Mitchell"",""Joan Walsh"",""William Greg Bennett"",""Ann Mitchell"",""David Gerald Thomasson"",""Joan Walsh"",""Lesley Joanne Elliott""}"
MODEC,Modec Limited,gb,"{""Paul Shaw"",""Jamie Borwick"",""Graham Richard William Gillespie"",""Christopher Francis Thorneycroft-Smith"",""Jevon Thurston Thorpe"",""George Anthony Guy"",""Richard Hindle"",""Colin Stuart Mills"",""Kevin Thomas Morley"",""Trevor Ashley Power"",""Richard Charles Tarapchak"",""Christopher Raymond Wolfe"","" Shoosmiths Secretaries Limited"","" Shoosmiths Directors Limited""}"
MODEC,Modec Property Ltd,gb,"{""Abbas Mosawi"",""Ali Reza Mosawi""}"
Maersk,Maersk Broker (Uk) Limited,gb,"{""John Kilby"",""Jonathan David Ames Bond"",""Lars Erik Brenoe"",""Anders Hald"",""Jorn Steen Nielsen"",""Patricia Ann Thornton"",""Thomas Thune Andersen"",""Ulrik Brandt"",""Hans Peter Glipman"",""Michael Frederic Hassing"",""Flemming Robert Jacobs"",""Carsten Mortensen"",""Per Flemming Staehr"",""Keith Trevor Taylor"",""Bjarne Wium"",""John Kilby"",""Patricia Ann Thornton"",""Henrik Franck"",""Ulrik Brandt"",""Anders Hald"",""Michael Madsen"",""Niels Jorgen Iversen""}"
Maersk,Maersk Company Limited(The),gb,"{""John Kilby"",""Sune Norup Christensen"",""Terence Eric Cornick"",""Mark Malone"",""Desmond Paul Hedges"",""Patricia Ann Thornton"",""Petyer Ronnest Andersen"",""Thomas Thune Andersen"",""John William Baker"",""Nicholas Charles Faithorn Barber"",""Ulrik Brandt"",""George Jeffrey Bull"",""Tage Benedikt Bundgaard"",""James George Thomas Burridge"",""Bjarne Hansen"",""Michael Frederic Hassing"",""Michiel Van Hemert"",""Flemming Edvard Ipsen"",""Flemming Robert Jacobs"",""Juan Herbert Kelly"",""Robert Hugh Molesworth Kindersley Dl"",""Jesper Kjaedegaard"",""Christian Kledal"",""Eivind Drachmann Kolding"",""Ib Kruse"",""Alexander Badenoch Marshall"",""Tommy Bro Molgaard"",""Arnold Maersk Mc-Kinney Moller"",""John Kilby"",""David Jeffrey Harris"",""Marianne Sorensen Henriksen"",""Casper Munch"",""Thomas Thune Andersen"",""Nigel Edmund Lehmann-Taylor"",""Abraham Van Zelm""}"
Maersk,Maersk Crewing Limited,gb,"{""John Kilby"",""Terence Eric Cornick"",""Nigel Edmund Lehmann-Taylor"",""Patricia Ann Thornton"",""Carsten Plougmann Andersen"",""Thomas Thune Andersen"",""Ulrik Brandt"",""Lars Vang Christensen"",""Christopher Dawes"",""Thomas Joseph Graves"",""Michael Frederic Hassing"",""Flemming Robert Jacobs"",""Ronny Karlsson"",""Susan Jennifer Moore"",""Leif Kristian Nielsen"",""Per Flemming Staehr"",""Graham Westgarth"",""Robert Thomas Arthur Willock"",""John Kilby"",""Patricia Ann Thornton"",""David Jeffrey Harris"",""John Kilby""}"
Maersk,Maersk Drilling Uk Limited,gb,"{""John Kilby"",""Menno Bosma"",""Claus Michael Valentin Hemmingsen"",""David Mclean"",""Jorgen Schaeffer"",""John Kilby"",""Jorn Peter Madsen"",""Jens Einar Opstad Berge""}"
Maersk,Maersk Energy Uk Ltd.,gb,"{""Nicola Jane Macleod"",""Kenneth Murdoch"",""Kurt Norman Nielson"",""Martin Rune Pedersen"",""Harry Yorston"",""Glenn Andrew Corr"",""Kevin John Manser"",""Brian William Hemming"",""John Kilby"",""Troels Albrechtsen"",""Thomas Thune Andersen"",""John William Baker"",""Nicholas Charles Faithorn Barber"",""Jep Brink"",""Michael Engell Jensen"",""Alan James Grant"",""Jesper Kjaedegaard"",""Thomas Van Leenen"",""Martin Peter Naesby"",""James Roderic Mary O'Sullivan"",""Nigel Simon Pusey"",""Soren Thorup Sorensen"",""David Edward Spring"",""Kerst Klaas Troost"",""George Edward Watkins"",""Robert Bouke Peters"",""Jep Brink"",""Alan James Grant"",""Graham Stuart Talbot"",""Gretchen Hauser Watkins"","" Alnery Incorporations No 1 Limited"","" Alnery Incorporations No 1 Limited"","" Alnery Incorporations No 2 Limited""}"
Maersk Drilling,Maersk Drilling Uk Limited,gb,"{""John Kilby"",""Menno Bosma"",""Claus Michael Valentin Hemmingsen"",""David Mclean"",""Jorgen Schaeffer"",""John Kilby"",""Jorn Peter Madsen"",""Jens Einar Opstad Berge""}"
Maersk Drilling,Maersk Drilling A/S,dk,{}
Maersk Drilling,Maersk Drilling Americas A/S,dk,{}
Maersk Drilling,Maersk Drilling Caspian Sea A/S,dk,{}
Maersk Drilling,Maersk Drilling Deepwater A/S,dk,{}
Marathon,Marathon,be,{}
Marathon,Marathon,be,{}
Marathon,Marathon,be,{}
Marathon,Marathon 2011 Co Ltd,gb,"{""Chrysaphis Michael"",""Sevket Boyraz"",""Yusuf Boyraz""}"
Marathon,Marathon 2012 Limited,gb,"{""Jenifer Eales"",""Paul John Eales"","" Waterlow Secretaries Limited"","" Waterlow Nominees Limited""}"
Matrix Oil,Matrix Oil International Limited,gb,"{""Georgia Georgiou"",""Yiannakis Stavrinides"",""Theodoros Hadjiiona"","" Dema Consultants Limited"","" Hallmark Secretaries Limited"","" Dema Nominees Limited"","" Hallmark Registrars Limited""}"
Matrix Oil,Matrix Oil Limited,gb,"{""Mandana Ghavidel"",""Gholam Hussein Ghavidel"","" Temple Secretaries Limited"","" Company Directors Limited""}"
Matrix Oil,Matrix Oil Corporation,us_ca,{}
Matrix Oil,Matrix Oil (Langsa) Limited,bb,{}
Matrix Oil,"Matrix Oil & Gas, Inc.",us_ms,{}
Murphy West Africa,"Murphy West Africa, Ltd.",bs,{}
NNPC,Nnpc Consulting Ltd,gb,{}
NNPC,N. N. P. C. Limited,gb,"{""Michael Grimes"",""Michael Grimes"",""Helena Tumowa"",""Michael Grimes"",""Yomtov Eliezer Jacobs"",""Roger O'Grady"",""Helena Tumova""}"
NNPC,N.N.P.C. Crude Oil Marketing Corporation,us_de,{}
NNPC,N N P C Group Company Limited,th,{}
NNPC,"Nnpc ""Llc""",us_fl,"{""Peter J Anderson"",""Peter J Anderson""}"
Nabors International,Nabors International Finance Ltd.,bm,{}
Nabors International,Nabors International Holdings Ltd.,bm,{}
Nabors International,Nabors International Holdings Ltd.,lu,{}
Nabors International,"Nabors International, Inc.",us_de,{}
Nabors International,Nabors International Management Limited,bm,{}
Nabors Offshore,Nabors Offshore Americas Sàrl,lu,{}
Nabors Offshore,Nabors Offshore Netherlands B.V.,nl,{}
Nabors Offshore,Nabors Offshore Corporation,us_ms,"{""Jose S. Cadena"",""Laura W. Doerre"",""Laura W. Doerre"",""Jerry C. Shanklin"",""Jerry C. Shanklin"",""Jerry C. Shanklin""}"
Nexen,Nexen,be,{}
Nexen,Nexen,za,{}
Nexen,Nexen Co2 Limited,gb,"{""Michael Grimes"",""Michael Grimes"",""Michael O'Leary"",""Yomtov Eliezer Jacobs""}"
Nexen,Nexen Energy Marketing Europe Limited,gb,"{""Sheila Kaul"",""Gina Anne Barber"",""Yehuda Cohen"",""Douglas Ronald Dreisinger"",""Lewis Trenear Harvey"",""Philip Oldham"",""Rodney Bruce Rice"",""Cathleen Ann Larson Ward"",""Donald James Byers"",""Anna Nerush"",""Liberty Louise White"",""Karen M Assie"",""Robert Johnston Black"",""David Harold Mcewen"",""Philip Mellor"",""Anna Nerush"",""Alan O'Brien"",""Steven David Reilly"",""Deanna Louise Zumwalt"",""Archibald Wood Kennedy"",""Deanna Louise Zumwalt"",""Gina Anne Barber"",""Frances Ward"","" The Company Registration Agents Limited"","" Luciene James Limited""}"
Nexen,Nexen Energy Services International Ltd.,gb,"{""Sheila Kaul"",""Lewis Trenear Harvey"",""Geraldine Bernadette Hutchins"",""Barbara Abena Boateng"",""Catherine Alice Goulet"",""Peter Robert Francis Gunn"",""Judy Margaret Keyes"",""Shazia Rahman"",""Liberty Louise White"",""Gina Anne Barber"",""Alison Jane Breach"",""Stuart James Carter"",""Wesley Mark Densmore"",""Ian Robert Habke"",""Michael John Harris"",""David Harold Mcewen"",""Dinesh Kumar Mittal"",""Laurence Murphy"",""John Patterson"",""Sheila Kaul"",""Peter Robert Francis Gunn"",""Judy Margaret Keyes"",""Shazia Rahman"",""Liberty Louise White"",""Glenn Ronald Christie""}"
Nexus Floating Production,Nexus Floating Production Ltd.,sg,{}
Noble Drilling,Noble Drilling Company,us_nm,{}
Noble Drilling,Noble Drilling Company,us_ok,{}
Noble Drilling,"Noble Drilling Company, Inc.",us_nm,{}
Noble Drilling,Noble Drilling Corporation,us_nm,{}
Noble Drilling,Noble Drilling (Europe) Ltd.,bm,{}
Odfjell,Odfjell Americas As,no,{}
Odfjell,Odfjell & Vapores Ltd.,bm,{}
PTTEP,Pttep Services Company Limited.,th,{}
North Sea Production,North Sea Production Company Limited,gb,"{""John Kilby"",""Rodrigo Brandao Tourinho Dantas"",""Stig Jorgen Hoffmeyer"",""Brigitte Brinch Madsen"",""David Mclean"",""Jorge Luiz Uchoa Mitidieri"",""Derek Samuel Rowe"",""Patricia Ann Jefferson"",""William Mcrae Allan"",""Thomas Thune Andersen"",""Christopher Allan Brett"",""David Anthony Edwards"",""Natal Teixeira Mendes Filho"",""Miguel De Almeida Gradin"",""Michael Frederic Hassing"",""Jorgen Jensen"",""Jesper Kjaedegaard"",""James Anthony Law"",""Adriano Sa De Seixas Maia"",""Eta O'Brien"",""Paul Carsten Pedersen"",""Vagn Mols Poulsen"",""Roberto Prisco Paraiso Ramos"",""Finn Rosner"",""Ruy Lemos Sampaio"",""Lene Skole-Sorensen"",""Richard Ernest Smith"",""Raymond John Watkins"",""Lars Bjorn Heineke"",""Paul Carsten Pedersen"",""Rogerio Luis Murat Ibrahim"","" Hfw Nominees Limited"","" Hfw Directors Limited""}"
Northern Offshore Ltd,"Northern Offshore, Ltd.",bm,{}
Northern Offshore Ltd,Northern Offshore Services Ltd,gb,"{""Soren Petersen"","" Arctic Holdings Ltd""}"
Northern Offshore Ltd,Northern Offshore U.K. Ltd,gb,"{""David Keith Bell"",""John Norman Monks"",""Paul Ravesies Iii"",""Bruce Ernest Kain"",""Traves Fred Brooks"",""Steven Joseph Gangelhoff"",""Marion Matthew Woolie"","" London Registrars Plc"","" Swift Incorporations Limited"","" Instant Companies Limited""}"
Northern Offshore Ltd,Northern Offshore As,no,{}
Northern Offshore Ltd,Northern Offshore Chartering S.A.,pa,{}
OMV,O.M.V.,nl,{}
OMV,Omv Aktiengesellschaft Limited,gb,{}
OMV,Omv Holdings Limited,gb,"{""David Clements"",""James Turner"",""David Andrew Watson"",""Hugh Mark Whitcomb"",""Richard Archer"",""Robert James Lee"",""Benjamin Terence Edwards""}"
OMV,Omv Trade And Investments Limited,gb,"{""Paramjeet Sokhi"",""Paramjeet Singh Sokhi""}"
OMV,Omv Trading Services Limited,gb,"{""Hani Tesfazghi"",""Manfred Leitner"",""Alan Stewart Melville"",""Andreas Schwingshackl"",""Oliver Dillenz"",""Clifford Evans"",""Gary Leslie Ives"",""Jeffrey Earle Rinker"",""Richard Handisides"",""Theo Schrei"",""Brendan James Boucher"",""David Charles Davies"",""Harry Flixeder"",""Udo Giegerich"",""Franz Kalwach"",""Viktor Klima"",""Tassilo Peyrer-Heimstatt"",""Gerhard Friedrich Roiss"",""Wolfgang Ruttenstorfer"",""Richard Schenz"",""Mohamed Amine El Yacoubi Soussane"",""Heinrich Georg Stahl"",""Christoph Trentini"",""Gary Leslie Ives"",""Theo Schrei"",""Oliver Dillenz"",""Wolfgang Ruttenstorfer"","" E P S Secretaries Limited"","" Mikjon Limited""}"
Oando,Oando Community Property Services Limited,gb,"{""Olamide Adebayo"",""Stephanie Oladoyin Adebayo"",""Olawale Ololade Adenugba""}"
Oando,Oando Consulting Limited,gb,"{""Tim Skaptason""}"
Oando,Oando Foundation Uk,gb,"{""Tokunboh Durosaro"",""Abayomi Akinjide"",""Anthony George Lawton Obe"",""Barclay Charles Morrison"",""Oluseyi Oluyemi Obakin"","" Scrip Secretaries Limited""}"
Oando,Oando Logistics And Services Limited,gb,"{""Isibhakhome Omhenaka"",""Olukemi Ajimego Hilda Elegbede"",""Naomi Marshall"","" Cornhill Services Limited"",""Alan Cable"",""Alan Cable"","" Cornhill Directors Limited"","" Cornhill Directors Limited""}"
Oando,Oando Servco Uk Limited,gb,"{""Jubril Adewale Tinubu"",""Olukemi Ajimego Hilda Elegbede""}"
Ocean Rig Asa,Ocean Rig Asa,no,{}
Oceaneering,Oceaneering International Services Limited,gb,"{""Colin Edward Forbes"",""David Norman Mckechnie"",""John Watkinson"",""Alexander Westwood"",""Michael Cheyne Leys"",""Michael Smith"",""George William Sheaman"",""John Andrew Smith"",""Andrew Atkinson"",""Charles Kingsley Backhouse"",""Charles Eric Brown"",""Michael John Chew"",""Mark Anthony Cumming"",""James Murray Dunbar"",""Adrian Jonathan Goodwin"",""Alan Morrison Gray"",""Patrick Haggerty"",""Robert Harold Holland"",""John Marsh"",""James Morrison"",""Alexander Mustard"",""Jonathan Edward Playford"",""Alexander Westwood"",""John Andrew Smith"",""Andrew David Jack Onley"",""Gary Campbell Cochrane"","" Dm Company Services Limited"",""Richard Victor Chidlow""}"
Oceaneering,Oceaneering Services Overseas Limited,gb,"{""Abigail Silk"",""Neil Steven Morrison"",""Alexander Westwood"",""Andrew David Jack Onley"",""Martin James Mcdonald"",""Neil Doig Riddle"",""Alec William James Banyard"",""Yagub Emin Akhmedov"",""Derek Macdonald Allan"",""Graham Cowperthwaite"",""Mohssen Poshtchi Esghouei"",""Adrian Jonathan Goodwin"",""Anthony Mcnulty"",""Yakhshi Khanum Mirsali Nagiyeva"",""Malcolm Russell"",""George William Sheaman"",""Manuchehr Zare Aghbolagh"",""Garry Robert Allan"","" Dm Company Services Limited"","" Eden Secretaries Limited"","" Eden Corporate Services Limited""}"
Oceaneering,Oceaneering As,no,{}
Oceaneering,Oceaneering Asset Integrity As,no,{}
Oceaneering,Oceaneering Asset Integrity Limited,gb,"{""Marit Oset Fagerheim"",""Matthew James Patrick Kennedy"",""Age Nordstrom Landro"",""Victoria Anne O'Malley"",""Michael Cheyne Leys"",""John Watkinson"",""Thomas Arthur Hasler"",""Haakon Berg"",""Eric Doyle"",""Graeme Arthur Kidd"",""Sveinung Olsen"",""Kai Andre Staeger-Holst"",""Andrew David Jack Onley"","" Md Secretaries Limited"","" Oswalds Of Edinburgh Limited"","" Jordans (Scotland) Limited""}"
Odfjell,Odfjell Capital Limited,gb,"{""Marianne Odfjell"",""Lars Titland""}"
Odfjell,Odfjell (Uk) Limited,gb,"{""Haakon Ringdal"",""John Martin Sykes"",""Stein Thor Verle"",""Terje Iversen"",""Peter Antony Grimes"","" Cornhill Secretaries Limited"","" Chalfen Secretaries Limited"","" Chalfen Nominees Limited""}"
Odfjell,Odfjell Ap Port Holding Pte. Ltd.,sg,{}
Oilexco,"Oilexco, Inc.",us_nm,{}
Oilexco,"Oilexco Middle East, Llc",us_mi,{}
Oilexco,"Oilexco, S.A.",pa,{}
Oilexco,"Oilexco America, Inc.",us_wa,"{""L F Goza"",""R K Strahan"",""C T Corporation System""}"
Oilexco,"Oilexco, Inc.",us_ks,{}
PA Resources,Pa Resources E & P Services Limited,gb,"{""Nicolas Frederik Holger Adlercreutz"",""Alex James Mcpherson"",""Graham Paul Goffey""}"
PA Resources,Pa Resources North Sea Limited,gb,"{""Alex James Mcpherson"",""Alan Edward Simonian"",""Douglas Boyd Simpson"",""Jeffrey Simon Coutts"",""Francis Eugene Toolan"",""Paul Van Riel"","" Swift Incorporations Limited""}"
PA Resources,Pa Resources Overseas,gb,"{""Graham Paul Goffey"",""Trond Bjerkan"",""Cynthia Beach Cagle"",""David Peter Jones"",""Hedi Ayedi"",""Cynthia Beach Cagle"",""Roger Dale Cagle"",""Ulrik Jansson"","" Swift Incorporations Limited"","" Instant Companies Limited""}"
PA Resources,Pa Resources Uk Limited,gb,"{""Bo Ingemar Askvik"",""Graham Paul Goffey"",""Alex James Mcpherson"",""Alan Edward Simonian"",""Alan Stanley Cockett"",""David Robin Hughes"",""Hans Ulrik Jansson"",""Gabriel Onnig Simonian"",""Willem Yant Spijker"","" Premier Secretaries Limited"","" Premier Directors Limited""}"
PA Resources,P. A. Resources Ab,gl,{}
PEMEX,"""Pemex""",al,{}
PEMEX,Pemex Services Limited,gb,"{""Andrew James Dalziel"","" Pemex Services Limited"","" Amersham Services Limited"","" Pemex Services Limited""}"
PEMEX,Pemex Anstalt,li,{}
PEMEX,Pemex Auto Parts Import Export Corporation,us_ca,{}
PEMEX,"Pemex Avionics, Inc.",us_fl,"{""Druzzo R Goyzueta"",""Andrea M Medrano"",""Andrea M Medrano"",""Druzzo R Goyzueta""}"
PGS,Pgs,be,{}
PGS,P.G.S,tn,{}
PGS,P.G.S.,be,{}
PGS,Pgs 2 Limited,gb,"{""Gerald Alistair Watson"",""Antonios Kassimiotis"",""Michael John Merrick"",""Andrew Moss"",""Ian Ackerley"",""Rodney Malcolm Cook"",""Thomas Matthew George Corrin"",""John Marus De Zwart"",""Thomas Aird Fraser"",""William Richard Gorman"",""Ashok Kumar Gupta"",""Nicholas Toby Hiscock"",""Peter Maurice Hodgett"",""Keith Jones"",""Ian William Laughlin"",""Christopher Mcglasham"",""William Alan Mcintosh"",""Brendan Joseph Meehan"",""Nicholas John Morris"",""Jonathan Stephen Moss"",""Peter James Mullins"",""John Simon Bertie Smith"",""Geoffrey Arthur Thompson"",""Trevor James Thompson"",""Jonathan Stephen Moss"",""John Simon Bertie Smith"","" Pearl Group Secretariat Services Limited"","" Sisec Limited"","" Loviting Limited"","" Serjeants' Inn Nominees Limited""}"
PGS,Pgs Accountancy Ltd,gb,"{""Robert Iain Stark"",""Paul Graeme Stark"","" Form 10 Secretaries Fd Ltd"","" Form 10 Directors Fd Ltd""}"
PTSC,Ptsc,nl,{}
PTSC,Ptsc Asia Pacific Pte. Ltd.,sg,{}
PTSC,"Ptsc Co., Ltd.",th,{}
PTSC,Ptsc Dorset Corporation,us_md,{}
PTSC,"Ptsc, Inc.",us_al,"{""Peterson, Donna"",""Scokel, E J""}"
PTTEP,Pttep Sp Limited,gb,"{""Roger Morris Harwood"",""Brendan John Carey"",""Alan Stuart Gibbons"",""Chris Edward Jones"",""Joe Allen Ritchie"",""Ian David Cole"",""Christopher Benjamin Chaloner"",""Anthony Mulcare"",""John Edwin Booth"",""Julian Ross Butcher"",""Kevin Frederick Clarke"",""Roderick James Eveleigh Edwards"",""Jan Edin Evensen"",""Ian Gray"",""Richard Frederick Paynter Hardman"",""Keith Carnegie Hunter"",""Andrew Geoffrey Lodge"",""Malcolm Maclean"",""Aidan Mckay"",""Richard Martin Mew"",""Ian Norbury"",""Howard Paver"",""Quentin Andrew Rigby"",""George Frederick Sandison"",""Ian David Cole"",""Christopher Benjamin Chaloner"",""Roger Morris Harwood"",""Anthony Mulcare"",""Paul David Welford"",""Supakorn Krisadasima"",""Korakote Pojanasomboon"","" Tyrolese (Secretarial) Limited"","" Tyrolese (Directors) Limited"","" Tyrolese (Secretarial) Limited""}"
PTTEP,Pttep Flng Holding Company Limited,hk,{}
PTTEP,"Pttep (Myanmar) Co., Ltd.",th,{}
PTTEP,Pttep Netherlands Coöperatie U.A.,nl,{}
Pacific Drilling Limited,Pacific Drilling (Gibraltar) Limited,gi,{}
Pacific Drilling Limited,Pacific Drilling Manpower S.Àr.L,lu,{}
Pacific Drilling Limited,Pacific Drilling Netherlands Coöperatief U.A.,nl,{}
Pacific Drilling Limited,"Pacific Drilling, S.A.",pa,{}
Pacific Drilling Limited,Pacific Drilling S.A.,lu,{}
Paragon Offshore,Paragon Offshore Plc,gb,"{""Julie Johnson Robertson"",""James Alexander Maclennan"",""Julie Johnson Robertson"",""David Wehlmann"",""Todd Strickler"",""Anthony Chase"",""Thomas Kelly"",""John Reddy"",""Randall Stilley"",""Dean Edward Taylor"",""William Lee Transier"",""John West""}"
Paragon Offshore,Paragon Offshore (Land Support) Limited,gb,"{""Alan Duncan"",""Alan Peter Duncan"",""Eelke Strikwerda""}"
Paragon Offshore,Paragon Offshore Drilling Llc,us_al,{}
Pearl Energy,Pearl Energy Ltd,gb,{}
Pearl Energy,Pearl Energy Solutions Ltd,gb,"{""Frederick Crispin Kingsley""}"
Pearl Energy,Pearl Energy Ltd,ug,{}
Pearl Energy,Pearl Energy Private Limited,in,"{""Kishan Tirath Lalwani"",""Ruchirans Jaipuria""}"
Pearl Energy,Pearl Energy Solutions (India) Private Limited,in,"{""Sanjay Dinkar Deshmukh"",""Mrunal Sanjay Deshmukh""}"
Pemex,"""Pemex""",al,{}
Pemex,Pemex Services Limited,gb,"{""Andrew James Dalziel"","" Pemex Services Limited"","" Amersham Services Limited"","" Pemex Services Limited""}"
Pemex,Pemex Anstalt,li,{}
Pemex,Pemex Auto Parts Import Export Corporation,us_ca,{}
Pemex,"Pemex Avionics, Inc.",us_fl,"{""Druzzo R Goyzueta"",""Andrea M Medrano"",""Andrea M Medrano"",""Druzzo R Goyzueta""}"
Perenco,Perenco Cuu Long Limited,gb,"{""Angela Sarah Helen Fletcher"",""David Grimshaw"",""Edith Jeannie Stirrup"",""Robert Hendry Anderson"",""Andrew David Richard Hastings"",""Paul Cyril Warwick"",""Averil Eager"",""Averil Eager"",""Nicholas James Fallows"",""Franck Poli"",""David Stewart Ogilvie"",""Michael Philip Stokeld"",""Elaine June Ward"",""Gisele Eriksen"",""Todd William Fredin"",""Christopher Gautrey"",""Gregory James Goff"",""Malcolm David Griffiths"",""Andrew Roy Halliwell"",""Archibald Wood Kennedy"",""Page Frank Maxson"",""James Deas Mcmorran"",""Roger Stephen Ramshaw"",""Arild Skjervoy"",""Steven Michael Theede"",""Jonathan Brian Parr"",""Andrew Roy Halliwell"",""Timothy Mark Sandford"","" Waterlow Secretaries Limited"","" Waterlow Nominees Limited""}"
Perenco,Perenco Ecuador Holdings Limited,gb,"{""Averil Eager"",""Averil Eager"",""Nicholas James Fallons"",""Jonathan Brian Parr""}"
Perenco,Perenco Gas (Uk) Limited,gb,"{""Averil Eager"",""Averil Eager"",""Eric Jean-Marie Faillenet"",""Nicholas James Fallows"",""Eric D'Argentre"",""Jonathan Brian Parr"",""John Nicholas Boydell"",""Graham James Low Gordon"",""Christopher James Rumsey"",""Russell John Wilkinson"",""Herbert Kenneth Acord"",""John Martin Banfield"",""Russell Grant Bellis"",""Colin Christopher Bennett"",""Curtis William Brand"",""Colin David Bull"",""Geoffrey Cardinal"",""John Paul Chaplin"",""Raymond Grover Charles"",""Denis Clerc Renaud"",""Laurent Combe"",""Ansel Lynn Condray"",""John Cousins"",""Harold Richard Cramer"",""Fern June Cyr"",""Brian Michael Davis"",""Neil William Duffin"",""Graham Henry George Ellis"",""John Eason Forrest"",""Robert Stuart Franklin"",""Francois Jean Louis Raux"",""Jan Rusin"",""Brian James"",""Elisabeth Sarah Sullivan"",""Kim Kallmeyer""}"
Perenco,Perenco Holdings,gb,"{""Averil Eager"",""Averil Eager"",""Nicholas James Fallows"",""Jonathan Brian Parr"",""Joanne Elizabeth Curin"",""Roland Fox"",""Yvan Patrice Dominique Gril"",""Denis Maurice Bizeau"",""John Thomas Conlin"",""Roland Fox"",""Yvan Patrice Dominique Gril"",""Charles Brooke Longbottom"",""Hubert Francois Perrodo"",""Jean-Michel Yves Gabriel Runacher"",""Patrick Clive Spink"",""David Ralph Walton Masters"",""Roland Fox"",""David Ralph Walton Masters""}"
Perenco,Perenco Investments (U.K.),gb,"{""Averil Eager"",""Averil Eager"",""Nicholas James Fallows"",""Patrick Clive Spink"",""Roland Fox"",""Denis Maurice Bizeau"",""Roland Fox"",""Jean-Michel Yves Gabriel Runacher"",""Alison Jane Shields""}"
Petro-Canada,Petro-Canada,ca_pe,{}
Petro-Canada,Petro-Canada Energy North Sea Limited,gb,"{""Ronald Davie"",""Keith Forsyth Russell"",""Christopher James Hearne"",""Philip Michael Mace"",""Andrew John Paxton"",""Stephen John Pook"",""Sean Edward Rush"",""Linda Gillian Smith"",""Pamela Mary Sykes"",""Andrew Charles Crawford Wilson"",""Gordon Joseph Carrick"",""Youssef Mohammed Rafi Ghoniem"",""Russell Seth Harvey"",""Peter Stephen Kallos"",""Gerhard Kinast"",""John Dillard Larue"",""Michael Thomas Lynch"",""Graham Victor Lyon"",""Nicholas Alan Maden"",""Daniel Leonard Murphy"",""Faiz Tawfiq Nadir"",""Andrew John Paxton"",""John Anderson Scrimgeour"",""Richard Arthur Sobey"",""Herman Johan Van Driel"",""Helen June Wesley"",""Robert Lorne Whyte"","" Oakwood Corporate Secretary Limited"","" St James'S Secretaries Limited"","" St James'S Directors Limited""}"
Seadrill Ltd,Seadrill Auriga Uk Ltd.,gb,"{""Graham Robjohns"",""Jon Olav Østhus""}"
Secunda Marine,Secunda Marine Atlantic Limited,ca_ns,{}
Petro-Canada,Petro-Canada Europe Lubricants Limited,gb,"{""Lucie Dionne"",""Andrew Christopher Wood Hill"",""Martin Philip Benjamin Wright"",""Gary Philip Reichl"",""Jonathan Wadie"",""Sean Edward Rush"",""Linda Gillian Smith"",""Andrew Charles Crawford Wilson"",""Richard Arthur Preece"",""Martin Philip Benjamin Wright"",""Stephen Walter Daw"",""Lucie Dionne"","" Oakwood Corporate Secretary Limited"","" Alnery Incorporations No 1 Limited"","" Alnery Incorporations No 1 Limited"","" Alnery Incorporations No 2 Limited""}"
Petro-Canada,Petro-Canada America Lubricants Inc.,us_wv,{}
Petro-Canada,Petro-Canada America Lubricants Inc.,us_me,{}
Petrobras,Petrobras Europe Limited,gb,"{""Anna Helena Coelho"",""Guilherme Pontes Galvao Franca"",""Daniel Lima De Oliveira"",""Ricardo Pereira Peixoto"",""Jacqueline De Lima Castro Campos"",""William Ernest Mckenzie"",""Nelson De Farias Almeida"",""Renato Tadeu Bertani"",""Joaquim Dib Cohen"",""Marcello Castilho Da Silva"",""Raul Adalberto De Campos"",""Edgard Bobba Manta"",""Marcelo Malta Da Costa Messeder"",""Antonio Jose Ribeiro Lima Neto"",""Marcos Antonio Zacarias"","" Temples (Nominees) Limited"","" Wingrave Yeats Agents Limited"","" Temples (Professional Services) Limited""}"
Petrobras,Petrobras Paraguay Distribucion Limited,gb,"{""Bassim Djahjah"",""Ronaldo Da Silva Araujo"",""Jose Fernando De-Freitas"",""Daniela Verissimo De Figueiredo"",""Jose Carlos Vilar Amigo"",""Luiz Octavio De Azevedo Costa"",""Jorge Antonio Plaza Fernandez"",""Demarco Jorge Epifanio"",""Diane June Penfold"",""Dipa Raivadera"",""Juan Jose Aranguren"",""Christopher Frederick Bowring"",""Veronica Alison Carter"",""Johan Leo Karel Frederik De Vries"",""Alan Detheridge"",""Donald Samuel Drysdale Anderson"",""Alan Goldsmith"",""Flavio Goncalves Reis Vianna Filho"",""Sedick Kalam"",""Frederik Hendrik Kool"",""Trevor Douglas Mare"",""Erio Augusto Mathias Senos"",""Decio Fabricio Oddone Da Costa"",""Rodney Taunton Pearse"",""Rainer Reich"",""Juan Bautista Sabogal Lagomarsino"",""Paulo Cezar Amaro Aquino"",""Jacqueline Castro De Lima Campos"",""Herbert Luiz De Araujo Guimaraes"",""Andre Avila Scartezini"",""Regis Marcelo Sawitzki"",""Luiz Gustavo Primo De Siqueira"","" Intertrust (Uk) Limited"","" Intertrust Holdings (Uk) Limited"","" Shell Corporate Secretary Limited""}"
Petrobras,"Petrobras America, Inc.",pr,{}
Petrobras,"Petrobras America, Inc.",us_pa,{}
Petrobras,Petrobras Bahamas Limited,bs,{}
Petronas,Petronas Carigali Limited,gb,"{""Ghassan Hoteit"",""Ruairi Laughlin-Mccann""}"
Petronas,Petronas Energy Trading Limited,gb,"{""Alan Michael Jones"",""Anuar Bin Ahmad"",""Mohd Farid Bin Mohd Adnan"",""Adnan Bin Zainol Abidin"",""Lee Ching"",""Shahnaz Mohd Yusof"",""Ahmad Bin Muhammad Hakimi Radzi"",""Klaus Reinisch"",""Nailesh Kantilal Rambhai"",""Swee Yoke Yap"",""Mohammad Medan Abdullah"",""Mohamad Bin Ismail"",""Nusral Danir"",""Faridah Haris Hamid"",""Abdul Rahim Hashim"",""Mohd Saleh Bin Hashim"",""Razali Bin Ismail"",""Mariah Mohamad Said"",""Zarei Bin Mohamed"",""Ahmad Nazri"",""Ed Osman Ridzwan"",""Ahmad Nizam Salleh"",""Harjit Singh Puran Singh"",""Syed Sheikh Syed Idrus Alhabshi"",""Wan Zulkiflee Wan Ariffin"",""Roland Wessel Wessel"",""Sharon Swee Yoke Yap"",""Mohd Ibrahimnuddin Bin Mohd Yunus"",""Ahmad Adly Alias"",""Mohammad Medan Abdullah"",""Wan Zulkiflee Wan Ariffin"",""Habibul Rahman Kadir Shah"",""Mohd Anuar Taib"",""Kalina Ilieva Nedialkov Rose""}"
Petronas,Petronas Lng (Uk) Ltd,gb,"{""Nailesh Rambhai"",""Mohamad Sabarudin Mohamad Amin"",""Terry Miles Labunda"",""Khairul Riza Mohd Rosli"",""Alan Michael Jones"",""Adnan Zainul Abidin"",""Mohd Ibrahimnuddin Bin Mohd Yunus"",""Klaus Reinisch"",""Ahmad Nazri Abd Wahab"",""Ahmad Adly Alias""}"
Petronas,Petronas Lubricants Great Britain Limited,gb,"{""Thiru Sivakumaran"",""Aldino Bellazzini"",""Renato Burza"",""Silvano Carotenuto"",""Enrica Chiantelassa"",""Robert Michael Gilbert"",""Stephen Thomas Horn"",""Alfio Bonciolini"",""Massimo Carello"",""Stephen Thomas Horn"",""Mario Passerone"",""Michele Russo"",""Patrick Smulders"","" Ingleby Nominees Limited"","" Ingleby Holdings Limited""}"
Petronas,"""Petronas Affair Srl""",ro,{}
Petronas Carigali,Petronas Carigali Limited,gb,"{""Ghassan Hoteit"",""Ruairi Laughlin-Mccann""}"
Petronas Carigali,Petronas Carigali (Baisun) Ltd,mu,{}
Petronas Carigali,Petronas Carigali Brunei Ltd,mu,{}
Petronas Carigali,Petronas Carigali Cameroon Ltd.,bs,{}
Petronas Carigali,Petronas Carigali Canada B.V.,nl,{}
Petroserv SA,"""Petroserv Sa""",ro,{}
Petroserv SA,Petroserv,be,{}
Petroserv SA,Petroserv Limited,gb,{}
Petroserv SA,"""Petroserv 2000 Srl""",ro,{}
Petroserv SA,Petroserv As,no,{}
Premier Oil,Premier Oil A Limited,gb,"{""Heather Diane Kawan"",""Robert Andrew Allan"",""Anthony Richard Charles Durrant"",""Neil Hawkings"",""Stephen Charles Huddle"",""Simon Charles Lockett"",""Andrew Geoffrey Lodge"",""Rachel Abigail Benjamin""}"
Premier Oil,Premier Oil Aberdeen Services Limited,gb,"{""Julie Vickers"",""Jon Hendrik Boot"",""Anthony Richard Charles Durrant"",""Neil Hawkings"",""Simon Charles Lockett"",""Andrew Geoffrey Lodge"",""Nigel John Wilson"",""Heather Kawan"",""Stephen Charles Huddle"",""Michael James Skitmore"",""Robert Andrew Allan"",""Gillian Corsby"",""Heather Diane Garratt"",""Stephen Charles Huddle"",""Lisa Julia Parsons"",""Nicholas Keith Shepherd"",""Edward Freeborn"",""Richard Neil Haythornthwaite"",""John Antony Heath"",""Charles James Auldjo Jamieson"",""John Hugh Russell Lander"",""Stephen Jonathan Lowden"",""Gerald Orbell"",""Roland Clark Shaw"",""John Alexander Van Der Welle"",""Rachel Abigail Benjamin"",""Robert Andrew Allan""}"
Premier Oil,Premier Oil And Gas Services Limited,gb,"{""Julie Vickers"",""Anthony Richard Charles Durrant"",""Neil Hawkings"",""Simon Charles Lockett"",""Andrew Geoffrey Lodge"",""Heather Kawan"",""Robert Andrew Allan"",""Heather Diane Garratt"",""Stephen Charles Huddle"",""Lisa Julia Parsons"",""Nicholas Keith Shepherd"",""Edward Freeborn"",""Charles James Auldjo Jamieson"",""Richard Liddell"",""Stephen Jonathan Lowden"",""Drusilla Charlotte Jane Rowe"",""Robert Speirs"",""John Alexander Van Der Welle"",""Eleanor Jane Zuercher"",""Rachel Abigail Benjamin"",""Robert Andrew Allan"","" Trusec Limited""}"
Premier Oil,Premier Oil B Limited,gb,"{""Heather Diane Kawan"",""Robert Andrew Allan"",""Anthony Richard Charles Durrant"",""Stephen Charles Huddle"",""Simon Charles Lockett"",""Andrew Geoffrey Lodge"",""Rachel Abigail Benjamin"",""Neil Hawkings""}"
Premier Oil,Premier Oil Bukit Barat Limited,gb,"{""Heather Diane Kawan"",""Anthony Richard Charles Durrant"",""Neil Hawkings"",""Stephen Charles Huddle"",""Simon Charles Lockett"",""Andrew Geoffrey Lodge"",""Robert Andrew Allan"",""Rachel Abigail Benjamin""}"
Premuda,Premuda Chartering Ltd.,bs,{}
Premuda,Premuda D.O.O.,hr,{}
Premuda,"Premuda Engineering Resources, Inc.",us_ca,{}
Premuda,Premuda Gradnja D.O.O.,hr,{}
Premuda,Premuda International S.A.H.,lu,{}
Prosafe,Prosafe,be,{}
Prosafe,Prosafe Consultants Limited,gb,"{""Emma Kearney"",""Danny Lee Richard Kearney""}"
Prosafe,Prosafe Courses Limited,gb,"{""Emma Kearney"",""Danny Lee Richard Kearney""}"
Prosafe,Prosafe Electrical Limited,gb,"{""Elliott Peter Powell"",""Lester Simon Powell""}"
Prosafe,Prosafe Enterprises(U.K) Ltd,gb,"{""Felix Ebuehi"",""Felix Osahon Ebuehi"",""Olivia Uche Ebuehi"",""Evelyn Ebuehi"",""Samuel Ebuehi""}"
Rasmussen,Rasmussen,no,{}
Rasmussen,Rasmussen,ca_qc,{}
Rasmussen,Rasmussen,ca_qc,{}
Rasmussen,Rasmussen,ca_qc,{}
Rasmussen,Rasmussen A/S,dk,{}
Reliance,Reliance,nl,{}
Reliance,Reliance,be,{}
Reliance,Reliance,be,{}
Reliance,Reliance,be,{}
Reliance,Reliance,be,{}
Repsol,Repsol Company Of Portugal Limited,gb,"{""Jose Pablo Arcos Mansilla"",""Antonio Jose Calcada De Sa"",""Gerardo Ayuso Duran"",""Santiago De La Iglesia Cardena"",""Diane June Penfold"",""Dipa Raivadera"",""Vera Adams"",""Jesus Alonso Nunez Martin Banos"",""Jose Luis Anguera Gual"",""Bernard Auplat"",""Michael Vincent Brandt"",""Philippe Edmond Buyze"",""Neil Arthur Cordey"",""Michael James Daman"",""Alan John Davies"",""Santiago De La Iglesia Cardena"",""Wouter Sjoerd De Vries"",""Kurt Doehmel"",""Alfredo Jose Dos Santos Inacio"",""Robert Harold Douglas"",""Alan Goldsmith"",""Vagn Nedergaard Hansen"",""Michael Colin Harrop"",""Lars Lennart Heldtander"",""Jacobo Hernandez Espinosa"",""Joris Frits Kniep"",""Nicholas Mervyn Pattison"",""Claude Francois Philipponneau"",""George Sifalakis"",""Cornelis Christiaan Uijlenhoed"",""Peter Robert Voser"",""Michael James Daman"",""Alan Goldsmith"","" Company Law Consultants Limited"","" Shell Corporate Secretary Limited""}"
Repsol,Repsol Angola 22 B.V.,nl,{}
Repsol,Repsol Angola 35 B.V.,nl,{}
Repsol,Repsol Angola 37 B.V.,nl,{}
Repsol,Repsol Aruba B.V.,aw,{}
Rowan,Rowan,nl,{}
Rowan,Rowan,be,{}
Rowan,Rowan (148) Limited,gb,"{""Benita Mclean"",""Robert David Anderson"",""Richard Day"",""Benita Mclean"",""Alexander David Thomson"",""Julian Thomas Edward Day"","" Rowansec Limited"","" Rowan Formations Limited""}"
Seadrill Ltd,Seadrill Capricorn Ltd.,gb,"{""Hingley-Wilson Robert"",""Graham Robjohns"",""David Scott Sneddon"",""Georgina Elizabeth Sousa""}"
Rowan,Rowan (216) Limited,gb,"{""David John William Walker"",""Honor Patricia Walker"",""James Michael Ian Walker"",""Peter Michael Walker"",""Andrea Jane Creedon"",""Andrea Jane Creedon"",""Brian James Pinchin"",""Brian James Pinchin"","" Rowansec Limited"","" Rowan Formations Limited""}"
Rowan,Rowan (236) Limited,gb,"{""Nicholas Paul Bracey"",""Royston George Harvey"",""Ian David Brown"","" Rowansec Limited"","" Rowan Formations Limited""}"
Rubicon Offshore,Rubicon Offshore Holdings Limited,bm,{}
Rubicon Offshore,Rubicon Offshore International Holdings Limited,bm,{}
Rubicon Offshore,Rubicon Offshore International Limited,bm,{}
Rubicon Offshore,Rubicon Offshore International Private Limited,sg,{}
Rubicon Offshore,Rubicon Offshore Technical Services Pte. Ltd.,sg,{}
SBM,Sbm,nl,{}
SBM,Sbm,nl,{}
SBM,Sbm,nl,{}
SBM,Sbm,nl,{}
SBM,Sbm,nl,{}
SBMO,Sbmo Consultants,nl,{}
SBMO,Sbmo Llc,us_fl,"{""Mario Orozco"",""Sharif Bula Llc"",""Orozco Mario""}"
Saipem,Saipem,be,{}
Saipem,Saipem,be,{}
Saipem,Saipem Limited,gb,"{""Anthony Charles Lake"",""Gianni Di Pietro"",""Hugh O'Donnell"",""Stefano Porcari"",""Edgar Van Stijn"",""Marco Felice Villa"",""Jean Luc Dubois"",""Elizabeth Turkson"",""Nigel Swinnerton"",""Paolo Formica"",""Fabio Massimo Maria Pallavicini"",""Edgar Van Stijn""}"
Saipem,Saipem U.K. Limited,gb,"{""Marco Felice Villa"",""Rosario Cristiano Giannini"",""Vincent George Mccarthy"",""Hugh O'Donnell"",""Stefano Porcari"",""Edgar Van Stijn"",""Anthony Charles Lake"",""Michele Nebbioli"",""Alessandro Bernini"",""Stefano Bianchi"",""Giuliano Brugnatelli"",""Stefano Cao"",""Cesare Da Re"",""Paolo Daleffe"",""Marcello Dosi"",""Jean Luc Dubois"",""Sante Fadini"",""Massimo Giovanni Ferraris"",""Aldo Gebbia"",""Guido Giorgi"",""Yves Inbona"",""Carlo Mamprin"",""Sebastiano Vincenzo Messina"",""Francesco Nanotti"",""Vincenzo Oliveri"",""Fernando Po"",""Sergio Polito"",""Alessandro Riva"",""Pietro Franco Tali"",""Rossano Tomaselli"",""Luciano Vezzoli"",""Massimo Giovanni Ferraris"",""Carlo Mamprin""}"
Saipem,Saipem America Inc.,us_de,{}
Santos,Santos,be,{}
Santos,Santos,ca_qc,{}
Santos,Santos,lu,{}
Santos,Santos,ca_qc,{}
Santos,Santos,ca_qc,{}
SapuraKencana,Sapurakencana 1200 Ltd.,bm,{}
SapuraKencana,Sapurakencana 3500 Ltd.,bm,{}
SapuraKencana,Sapurakencana Drilling (Bermuda) Ltd,bm,{}
SapuraKencana,Sapurakencana Drilling Menang Ltd,bm,{}
SapuraKencana,Sapurakencana Drilling Resources Ltd.,bm,{}
Sea Production Ltd,Sea Production Ltd.,bm,{}
Sea Production Ltd,Sea Production Limited,gb,"{""John Norman Monks"",""Dimitrios Antoniou Hannas"",""Nicholas John Sherriff"","" London Registrars Plc"","" Northern Offshore Limited""}"
Sea Production Ltd,Sea Production Limited,gb,{}
Sea Production Ltd,Sea Production Holdings Limited,bm,{}
Sea Production Ltd,Sea Production Management As,no,{}
Seadrill Ltd,Seadrill Ltd.,bm,{}
Seadrill Ltd,Seadrill Limited,bm,{}
Seadrill Ltd,Seadrill Limited,je,{}
Secunda Marine,Secunda Marine Limited Partnership,ca_ns,{}
Secunda Marine,Secunda Marine Services Limited,ca_ns,{}
SembCorp Marine,Sembcorp Marine Ltd,sg,{}
SembCorp Marine,Sembcorp Marine Technology Pte. Ltd.,sg,{}
Sevan Marine,Sevan Marine Asa,no,{}
Shebah,Shebah Clothing Ltd,gb,"{""Joseph Olajide Idowu"",""Racheal Idowu"",""Gabriel Olusoledayo Adedipe"",""Joseph Ayoola Adedipe""}"
Shebah,"Shebah & Bethel, Inc.",us_ca,{}
Shebah,"Shebah Cleaners & Launderers, Inc.",us_pa,{}
Shebah,Shebah Hokhmah,us_ny,{}
Shebah,Shebah International Company Limited,hk,{}
Shelf Drilling,Shelf Drilling Offshore Services (India) Private L Imited,in,"{""Kedar Vasant Dubhashi"",""Rahul Mehrotra"",""Ritesh Jhunjhunwala"",""Narender Jindal""}"
Shelf Drilling,Shelf Drilling (Singapore) Pte. Ltd.,sg,{}
Shelf Drilling,Shelf Drilling (Southeast Asia) Limited,hk,{}
Shelf Drilling,Shelf Drilling Support Services Limited,ie,{}
Shelf Drilling,Shelf Drilling International Inc.,in,{}
Shell,Shell,al,{}
Shell,Shell 4U Ltd,gb,"{""Andrius Sadaunykas""}"
Shell,Shell Aircraft Limited,gb,"{""Stephen Michael Fisher"",""Stanley Medved"",""Hugh Sydney Mitchell"",""Robert Earl Sheffield"",""Mark Christopher Stevens"",""Jonathan Charles Hugo Phillips"",""Christopher Timothy Dion Moriarty"",""Dipa Raivadera"",""Gordon John West"",""Richard William Harkness Browne"",""Samuel Eric Clark"",""Michael Rae Glass"",""Peter David Seton Hadfield"",""John Daniel Hofmeister"",""Howard Clive Hollingsbee"",""Brian Martin Humphries"",""Christopher Jeremy Knight"",""David Philip Madden"",""Ian Alexander Mcgrath"",""Mark Moody Stuart"",""Desmond Marcel Richard"",""Paul David Skinner"",""Robert Monroe Sprague"",""Stephen Michael Fisher"","" Shell Corporate Secretary Limited""}"
Shell,Shell And Auger Services Limited,gb,"{""Helen Goring"",""Paul Goring"",""Wendy Goring"",""Paul Goring"",""Helen Frances Goring"","" Swift Incorporations Limited""}"
Shell,Shell & Bp Services Limited,gb,"{""Karin Jacqueline Hawkins"",""Michael John Ashworth"",""Melanie Anne Lee"",""Diane June Penfold"",""Dipa Raivadera"",""Peter Ankers"",""Wulf Hinrich Bernotat"",""Howard Charles Gatiss"",""Willem Hendrik August Grasso"",""David Norman Green"",""Kenneth Charles John Wraxall Hunter"",""Bernard Henri Auguste Leyraud"",""Francis William Michael Starkie"",""Roger Alan Webber"",""John Christopher Withey"","" Shell Corporate Secretary Limited"","" Shell Corporate Director Limited""}"
Shell Todd,Shell Todd Oil Services Limited,nz,"{""David Frederick Blackmon"",""Christopher Brian Hall"",""Winfred Olaf Boeren"",""Hilary Georgine Dussing"",""Stephen Robert Armstrong"",""John Robert Crossman"",""Ronald Michael Kelly"",""Paul Derek Moore"",""Christopher Ernest Kilby"",""Andrew Scott Forbes Clennett"",""Christopher William Ryan""}"
Shell Todd,Shell Todd Pipeline Services Limited,nz,{}
Sonangol,Sonangol Offshore Services Ltd.,gb,"{""Gary Wayne Dugger""}"
Sonangol,Sonangol Asia Limited,sg,{}
Sonangol,Sonangol Asia Limited,hk,{}
Sonangol,Sonangol Benguela Limited,bs,{}
Sonangol,Sonangol Cabinda Limited,bs,{}
Songa Floating Production,Songa Floating Production Pte. Ltd.,sg,{}
South Atlantic Petroleum,South Atlantic Petroleum Co. Ltd.,bm,{}
South Atlantic Petroleum,South Atlantic Petroleum Company,us_ok,{}
Statoil,Statoil Exploration (U.K.) Limited,gb,"{""Anthony Joseph Saul"",""Pippa Jane Louise Evans"",""Kjetil Johnsen"",""Alison Ann Barrie"",""John Craner"",""Svein Anderson"",""Havard Berge"",""Rune Bjornson"",""John Craner"",""Paul Michael Creedon"",""Thomas Cadden Earls"",""Bjorn Roar Eide"",""Peter Desmond Gorman"",""Helge Leiv Hatlestad"",""Geir Jossang"",""Erik Kjos Hanssen"",""Ole-Johan Lydersen"",""Jacob Sannes"",""Michael Joseph Whelan"",""Alastair James Woodrow"",""Tom Dreyer"",""Jenny Elizabeth Morris"",""Peter Desmond Gorman""}"
Statoil,Statoil Gas Trading Limited,gb,"{""Anthony Joseph Saul"",""Phillipa Jane Louise Evans"",""Kjetil Johnsen"",""Nicholas Simon Barry Gould"",""Odd Sollesnes"",""Svein Andersen"",""Tor Martin Anfinnsen"",""Havard Berge"",""Rune Bjornson"",""David Anthony Saint John Coupe"",""Bjorn Roar Eide"",""Nicholas Simon Barry Gould"",""Georg Karl Gundersen"",""Bjorn Ragnar Jacobson"",""Michael Kelly"",""John Alexander King"",""Erik Kjos Hanssen"",""Thor Otto Lohne"",""Raymond Joseph Obrien"",""Bent Pedersen"",""Torgrim Reitan"",""Susan Simms"",""Kjetil Tungland"",""Bjørn Ragnar Jacobsen""}"
Statoil,Statoil Global Employment Limited,gb,"{""Anthony Joseph Saul"",""Anders Hatteland"",""Anders Opedal"",""Aksel Stenerud"",""Michael Andrew Walberton"",""Asbjørn Eikestad"",""Asbjorn Eikestad"",""Phillipa Jane Louise Evans"",""Helge Leiv Hatlestad"",""Jan Magnus Nyborg"",""Siv Oftedal"",""Karin Valand Sandvold""}"
Statoil,Statoil Africa Holding As,no,{}
Statoil,Statoil Algeria As,no,{}
StatoilHydro,Statoilhydro Asa,be,{}
StatoilHydro,Statoilhydro Canada Exploration & Production Inc.,ca_ns,{}
StatoilHydro,Statoilhydro Canada Ltd.,ca_ns,{}
Stena Drilling,Stena Drilling Asia Pacific Limited,gb,"{""Stuart Maxwell Wyness"",""John Owen Banks"",""Thomas Peter Andreas Wiel Welo"",""Stuart Maxwell Wyness"",""Clive Weston"","" Norose Company Secretarial Services Limited""}"
Stena Drilling,Stena Drilling Australia Limited,gb,"{""Stuart Maxwell Wyness"",""Staffan Werner Hultgren"",""Thomas Peter Andreas Wiel Welo"",""George Albert Cowie"",""George Albert Cowie"",""Luciene Maureen James"","" The Company Registration Agents Ltd""}"
Stena Drilling,Stena Drilling (Holdings) Limited,gb,"{""Stuart Maxwell Wyness"",""Peter Claesson"",""Christopher Ernest Fay"",""Anders Jansson"",""Dan Sten Olsson"",""Tom Peter Andreas Wiel Welo"",""Harry Stephen Assiter"",""George Albert Cowie"",""Mauro Mattiuzzo"",""Harry Stephen Assiter"",""Carl Joseph Burnett"",""Svante Wilhelm Carlsson"",""Thomas Michel Ernest Ehret"",""Herbjorn Hansson"",""Birger Lowhagen""}"
Stena Drilling,Stena Drilling Hr Limited,gb,"{""Stuart Maxwell Wyness"",""Peter Claesson"",""Staffan Werner Hultgren"",""Thomas Peter Andreas Wiel Welo"",""George Albert Cowie"",""John Owen Banks"",""Svante Wilhelm Carlsson"",""George Albert Cowie"",""Staffan Werner Hultgren"","" The Company Registration Agents Limited"","" Luciene James Limited""}"
Stena Drilling,Stena Drilling Limited,gb,"{""Stuart Maxwell Wyness"",""Peter Claesson"",""Graeme Forbes Coutts"",""Christopher Ernest Fay"",""Anders Jansson"",""Dan Sten Olsson"",""Tom Peter Andreas Wiel Welo"",""Carl-Johan Wilheim Bertilsson Hagman"",""Harry Stephen Assiter"",""George Albert Cowie"",""Mauro Mattiuzzo"",""Harry Stephen Assiter"",""Carl Joseph Burnett"",""Svante Wilhelm Carlsson"",""Thomas Michel Ernest Ehret"",""Herbjorn Hansson"",""Birger Lowhagen""}"
Talisman,Talisman,nl,{}
Talisman,Talisman,nl,{}
Talisman,Talisman,us_mo,{}
Talisman,Talisman,be,{}
Talisman,Talisman,be,{}
Tanker Pacific,Tanker Pacific Management Limited,hk,{}
Tanker Pacific,Tanker Pacific Management (Singapore) Pte Ltd,sg,{}
Tanker Pacific,Tanker Pacific (New Zealand) B.V.,nl,{}
Tanker Pacific,Tanker Pacific Offshore Terminals (Brazil) B.V.,nl,{}
Tanker Pacific,Tanker Pacific Offshore Terminals (Operations) Pte. Ltd.,sg,{}
Teekay Petrojarl,Teekay Petrojarl Floating Production Uk Ltd.,gb,"{""Torger Arnesen"",""Tor Olav Bye-Andersen"",""Peter Lytzen"",""Hugh Simon Nevile"",""Gregory Ernest Parkes"",""Simon David Wagner"",""Edgar Alsaker"",""Jon Chrisopher Boswell"",""Bjarte Bruheim"",""Erik Evjen"",""Kaare Moursund Gisvold"",""Espen Klitzing"",""Helge Krafft"",""Gottfred Langseth"",""Knut Oversjoen"",""Laurence Anthony Quinn"",""Svein Rennemo"",""Christin Steen Nilsen"",""Reidar Stokke"",""Svein Torleif Vaage"",""Hugh Simon Nevile"",""Gregory Ernest Parkes"",""Flemming Gronnegaard"",""Dennis Law"","" Jordan Company Secretaries Limited""}"
Teekay Petrojarl,Teekay Petrojarl Uk Limited,gb,"{""Torger Arnesen"",""Tor Olav Bye-Andersen"",""Peter Lytzen"",""Hugh Simon Nevile"",""Simon David Wagner"",""Edgar Alsaker"",""Einar Kristian Bekvik"",""Asle Berg Braatalien"",""Kaare Moursund Gisvold"",""Harry Kjorsvik"",""Dennis Law"",""Knut Oversjoen"",""Svein Rennemo"",""Terje Ruud"",""Christin Steen Nilsen"",""Reidar Stokke"",""Endre Ording Sund"",""Edgar Alsaker"",""Edgar Alsaker"",""Harry Kjorsvik"",""Dennis Law"",""Flemming Gronnegaard"",""Dennis Law"","" Jordan Company Secretaries Limited"","" Swift Incorporations Limited"","" Wfw Legal Services Limited"","" Instant Companies Limited""}"
Teekay Petrojarl,Teekay Petrojarl As,no,{}
Teekay Petrojarl,Teekay Petrojarl Crewing Services Pte. Ltd.,sg,{}
Teekay Petrojarl,Teekay Petrojarl Crewing Services Pte. Ltd.,sg,{}
Total,Total,be,{}
Total,Total,be,{}
Total,Total 1 Electrical Services Limited,gb,"{""Aqwinder Kaur Jagpal"",""Talvinder Singh Bains"",""Harneck Singh Jagpal""}"
Total,Total 1 Limited,gb,"{""Ann Marie Griffiths"",""Wayne Robert Griffiths""}"
Total,Total 1 Technical Services Limited,gb,"{""Wayne Robert Griffiths"",""Michael Smallwood"",""Andrew Curtis Swann""}"
Transocean Ltd.,Transocean Ltd,gb,"{""Graham Matthew Smith"","" Uk Company Secretaries Ltd"","" Uk Incorporations Ltd""}"
Transocean Ltd.,Transocean Limited,bs,{}
Transocean Ltd.,Transocean Limited,mu,{}
Transocean Ltd.,Transocean Limited,ie,{}
Transocean Ltd.,Transocean Ltd,gb,"{""Darren Colin Rowbotham""}"
Tullow,Tullow Cms (North Sea) Limited,gb,"{""Martin James Mcnair"",""Richard George Taylor"",""Alan Graham Martin"",""Angus Murray Mccoss"",""Peter Gerald Sloan"",""Ian Springett"",""Paul Mcdade"","" Dm Company Services (London) Limited""}"
Tullow,Tullow Energy Limited,gb,"{""Richard George Taylor"",""Isaac Humphrey Duker"",""Aidan Joseph Heavey"",""Alan Graham Martin"",""Matthew Maher"",""Alan Graham Martin"",""Michael Dodworth"",""Matthew Maher""}"
Tullow,Tullow Greenland Exploration Limited,gb,"{""Richard George Taylor"",""Alan Graham Martin"",""Angus Murray Mccoss"",""Paul Mcdade"",""Ian Springett"",""Martin James Mcnair"",""Kevin Massie"",""Kevin Massie"",""Richard David Miller"",""Nicholas Keith Shepherd"",""Peter Gerald Sloan"",""Julian Lester Tedder"",""William Howard Torr"","" Dm Company Services (London) Limited""}"
Tullow,Tullow Group Services Limited,gb,"{""Richard George Taylor"",""Aidan Joseph Heavey"",""Alan Graham Martin"",""Angus Murray Mccoss"",""Paul Mcdade"",""Ian Springett"",""Thomas Gerard Hickey"",""Matthew John O'Donoghue"",""Alan Graham Martin"",""Kevin Massie"",""Kevin Massie"",""Richard David Miller"",""Nicholas Keith Shepherd"",""Peter Gerald Sloan"",""Julian Lester Tedder"",""William Howard Torr"","" Dm Company Services Limited"","" 25 Nominees Limited""}"
Tullow,Tullow Guinea Limited,gb,"{""Martin James Mcnair"",""Richard George Taylor"",""Alan Graham Martin"",""Angus Murray Mccoss"",""Peter Gerald Sloan"",""Ian Springett"",""Julian Lester Tedder"",""Kevin Massie"",""Kevin Massie"",""Paul Mcdade"",""Richard David Miller"",""Nicholas Keith Shepherd"",""William Howard Torr"","" Dm Company Services (London) Limited""}"
Vaalco Energy,"Vaalco Energy, Inc.",us_de,{}
Vaalco Energy,"Vaalco Energy, Inc.",us_ny,{}
Vaalco Energy,Vaalco Energy Mauritius (Eg) Limited,mu,{}
Vaalco Energy,"Vaalco Energy (Usa), Inc.",us_de,{}
Vantage Drilling,Vantage Drilling Associates Limited Partnership,us_ct,{}
Vantage Drilling,Vantage Drilling Netherlands B.V.,nl,{}
Vantage Drilling,"Vantage Drilling Company, Inc.",us_tn,"{""George M Johnson""}"
Vantage Drilling,Vantage Drilling Corporation,us_ca,{}
Venture Production,Venture Production Corporation.,pa,{}
Venture Production,Venture Production Group L.L.C.,us_ny,{}
Venture Production,Venture Production Inc.,pr,{}
Venture Production,Venture Production Nederland B.V.,nl,{}
Venture Production,Venture Production And Development Corporation,us_fl,"{""Pecci, William G"",""Ciaramitaro, Robert"",""Ciaramitaro, Robert"",""Flatt, C.D. Friday"",""Gale, Jack""}"
Wood Group,The Wood Group,us_me,{}
Wood Group,Wood Group Intetech Consultancy Limited,gb,"{""John Michael Smith"",""Liane Margaret Smith"",""Daniel John Dwyer"",""Liane Margaret Smith"",""Waheed Al Rafai"",""Daniel James Dwyer"",""Robert Muirhead Birnie Brown"",""Mark Linton"",""Bruce Middleton"",""Stephen John Wayman""}"
Wood Group,Wood Group Intetech Limited,gb,"{""John Michael Smith"",""Liane Margaret Smith"",""Waheed Al Rafai"",""Robbie Muirhead Birne Brown"",""Mark Linton"",""Bruce Middleton"",""Stephen John Wayman"","" Britannia Company Formations Limited"","" Deansgate Company Formations Limited""}"
Wood Group,Wood Group Intetech Overseas Holdings Company Limited,gb,"{""John Michael Smith"",""Liane Margaret Smith"",""Daniel John Dwyer"",""Liane Margaret Smith"",""Waheed Al Rafai"",""Daniel James Dwyer"",""Robert Muirhead Birnie Brown"",""Mark Linton"",""Bruce Middleton"",""Stephen John Wayman""}"
Wood Group,Wood Group Intetech Wells Limited,gb,"{""John Michael Smith"",""Liane Margaret Smith"",""Daniel John Dwyer"",""Liane Margaret Smith"",""Waheed Al Rafai"",""Daniel James Dwyer"",""Robert Muirhead Birnie Brown"",""Mark Linton"",""Bruce Middleton"",""Stephen John Wayman""}"
Woodside,Woodside 1953 Limited,gb,{}
Woodside,Woodside 1967 Limited,gb,{}
Woodside,Woodside Academy,gb,"{""Mandeep Flora"",""Leslie John Brock"",""Edward Edgar Caines"",""Charles Marcus Cato"",""Justin Gregory Conroy"",""Glynis Dean"",""Anthony John Dent"",""Kenneth William Farrant"",""Julie Helen Haydon"",""Russell Alan Robinson"",""Jennifer Jane Ryder"",""Lorraine Shaikh""}"
Woodside,Woodside Academy Trust,gb,"{""Peter Anthony Addison-Child"",""Peter John Donaldson"",""Richard Bailey Hughes"",""Ceinwen Rebecca Lodge"",""Elaine Ann Murphy"",""Valerie Slater"",""Trudie Suzanne Smith"",""Andrew Trevor Walsh"",""Leslie John Webb"",""Anneka Frances Welding"",""Kissi Sarah Wilde"",""Jane Angela Browne"",""Kirsty Louise Porter"",""Richard Anthony Williams"","" Schofield Sweeney Llp""}"
Woodside,Woodside Accountancy Services Ltd,gb,"{""Cheryl Ann Day"",""Cheryl Ann Day"",""Simon James Burke"",""Yomtov Eliezer Jacobs"",""Rachel Marie Day""}"
Woodside Energy,Woodside Energy (N.A.) Ltd,gb,"{""Feisal Ahmed"",""Anthony Charles Golding"",""Jeffrey Ronald Soine"",""Jarvas Ernest Croome"",""Giovanni Catalano"",""Duncan Paul Clegg"",""Ian Charles Strachan Fraser"",""Peter Desmond Grant"",""Michael Anthony Ignatius Hession"",""Ian Jackson"",""Rebecca Jones"",""Agu Jan Kantsler"",""Swee Guan Lee"",""Ian Murray Longley"",""Richard Frank Eduard Van Lent"",""Phillip Richard Loader"",""Sean Carl Ronald Rodrigues"","" Mcs Formations Limited"","" Combined Secretarial Services Limited"","" Dewey & Leboeuf Corporate Services Limited"","" Combined Nominees Limited"","" Combined Secretarial Services Limited""}"
Woodside Energy,Woodside Energy (Uk) Limited,gb,"{""Feisal Ahmed"",""Anthony Charles Golding"",""Jeffrey Ronald Soine"",""Jarvas Ernest Croome"",""Rebecca Jones"",""John Howard Akehurst"",""Giovanni Catalano"",""Duncan Paul Clegg"",""Ian Charles Strachan Fraser"",""Peter Desmond Grant"",""Ian Jackson"",""Rebecca Jones"",""Swee Guan Lee"",""Ian Murray Longley"",""Richard Frank Eduard Van Lent"",""Sean Carl Ronald Redrigues"",""Phillip Richard Loader"","" Mcs Formations Limited"","" Combined Secretarial Services Limited"","" Dewey & Leboeuf Corporate Services Limited"","" Combined Nominees Limited"","" Combined Secretarial Services Limited""}"
Woodside Energy,Woodside Energy Australia Asia Holdings Pte. Ltd.,sg,{}
Woodside Energy,Woodside Energy Iberia Sa,es,{}
Woodside Energy,Woodside Energy (Korea) Pte. Ltd.,sg,{}
